{
  "configVersion": 1,
  "timestamp": 1630573427690,
  "index": "/index.html",
  "assetGroups": [
    {
      "name": "app",
      "installMode": "prefetch",
      "updateMode": "prefetch",
      "cacheQueryOptions": {
        "ignoreVary": true
      },
      "urls": [
        "/1.07debdef5f2f8065ef61.js",
        "/10.0b30738d515e1da62070.js",
        "/100.e920b9fb3daa288854d2.js",
        "/101.7641c0826d556d3e9b9d.js",
        "/102.cbe567be952d9999206f.js",
        "/103.412048f390b2efa7e81e.js",
        "/11.e07c964056fb6e37d94a.js",
        "/2.94775778700c46ac0f93.js",
        "/20.2e357664517e41436adc.js",
        "/21.291d79c598ac27744b00.js",
        "/22.505c3d3767e45a34512f.js",
        "/23.73d63761bbcb40830faf.js",
        "/24.773b61ac6761f706871e.js",
        "/25.65bdf10bb3feaa1a5e6b.js",
        "/26.e17b46a8d9252bd52a6a.js",
        "/27.d6c15477968800f9de2d.js",
        "/28.3449782f4685d7f67777.js",
        "/29.0185fe88ab7f630489b7.js",
        "/3.69142082a4ddf810735d.js",
        "/30.2d5d58f3ecc3223e9f4a.js",
        "/31.ffa164e5ec5fabb2a3ec.js",
        "/32.3b2360ddf045cbcba1fa.js",
        "/33.f5a3db55827f500830f8.js",
        "/34.3668e88d6eecdc98a6b9.js",
        "/35.af2ce330f7cc34e85945.js",
        "/36.65bfec034b7c88a2d58f.js",
        "/37.42b7068dd8718f75e926.js",
        "/38.0646d0d9f3f440663167.js",
        "/39.d28501b35d4e55225f62.js",
        "/4.e9e8aaee8a7a537fd195.js",
        "/40.f61cf1feadc0edaeed6a.js",
        "/41.c29c69e5cd0a5fe14d47.js",
        "/42.95efd608625363f0589d.js",
        "/43.e61e1e3046414de7ceba.js",
        "/44.8edd7b30e82934fb6aa7.js",
        "/45.67e108a692dabd8aea8b.js",
        "/46.076b362b5542c037386c.js",
        "/47.292bd8f37efd8e83dc68.js",
        "/48.cdcb5856565e2cfaaf2b.js",
        "/49.27eec2d98fcd1f390e41.js",
        "/50.0b3015df74afe3c2ba21.js",
        "/51.98c5ff9994b346e6a973.js",
        "/52.6a21a0ed39e78f68d704.js",
        "/53.77e0d305daff21c35719.js",
        "/54.4b8776df910801980c64.js",
        "/55.2f6f7aaab6154925287e.js",
        "/56.e12eec436bfc6e0badd3.js",
        "/57.5b620e043cf0c5390477.js",
        "/58.d67bff7ddedde46552ed.js",
        "/59.7db800b762047601293c.js",
        "/6.e02d34dfc74fdc70971f.js",
        "/60.f135fe052b457b57259c.js",
        "/61.e8457127f083113ee203.js",
        "/62.592607bf93b2211a804b.js",
        "/63.0d7e2fb4b13aec024999.js",
        "/64.77115ae595db88f88bf8.js",
        "/65.4293927ee075855770ec.js",
        "/66.b9dadc9245cc910b774d.js",
        "/67.233464764796e9ce128c.js",
        "/68.2cddb7f41738c9bb2dad.js",
        "/69.7e1e7e4e342702018cdd.js",
        "/7.dcc32c81bc1a126434e4.js",
        "/70.56306ca1d2b58ad31b80.js",
        "/71.08850321d02625ccaf95.js",
        "/72.4889c4e0d853d143def5.js",
        "/73.5168427723b64a4ec60e.js",
        "/74.5db89ddce0898c9fe2e2.js",
        "/75.295dfcfe52ee04c70ed2.js",
        "/76.f02c4c8c43256199aa8f.js",
        "/77.334aa97948f9ec9edae3.js",
        "/78.05262abd8930b9e9230d.js",
        "/79.42b5e7a7c59f0c0e79c5.js",
        "/8.e08d7f661362dffadd44.js",
        "/80.93b8ca03a642010aebe0.js",
        "/81.6ca089b36d1e36282833.js",
        "/82.8c937d974cb2e94cd623.js",
        "/83.fcf7f4f531936c4bb393.js",
        "/84.aceb69456dd5e5f3d821.js",
        "/85.e16d17c6fe8f252992e9.js",
        "/86.d50b70a427d98a122c37.js",
        "/87.ef71624f3df7834421b1.js",
        "/88.3fe859bdcfb882c2b2ca.js",
        "/89.1bafe30fcc23c5c12e75.js",
        "/9.47c2f8a7d4f8a4ed5a25.js",
        "/90.089161da87380fa5d914.js",
        "/91.d72b19ff120c91cb2fce.js",
        "/92.7a0cc3aa86d595fb3ff7.js",
        "/93.54ac62723b3b6deeb1f8.js",
        "/94.e3fb08cad69c7dc98f0a.js",
        "/95.c342f7426c9c27aeadd6.js",
        "/96.c26a2ba346a9472511ca.js",
        "/97.9371f379dcf7b5e84ed0.js",
        "/98.8b78027cbbd977a242bd.js",
        "/99.47eda1a2779f5ef134c6.js",
        "/common.43d4b411b05a4335917b.js",
        "/index.html",
        "/main.06df39f53402ad626caf.js",
        "/manifest.webmanifest",
        "/polyfills-core-js.e6f2f20bdc054377bbf8.js",
        "/polyfills-css-shim.b8a7f4d39b429725a8bb.js",
        "/polyfills-dom.79ad36a589adfcecb77b.js",
        "/polyfills.8df1a1eb3442c85f7151.js",
        "/runtime.bd1020fbf11821dcdc5f.js",
        "/stencil-polyfills-css-shim.e2cce5e624ca17132b36.js",
        "/stencil-polyfills-dom.94999865e6e0d3b962ba.js",
        "/styles.01fe1907a2820afddea3.css"
      ],
      "patterns": []
    },
    {
      "name": "assets",
      "installMode": "lazy",
      "updateMode": "prefetch",
      "cacheQueryOptions": {
        "ignoreVary": true
      },
      "urls": [
        "/IRANSansWebFaNum.1a6f8943e894fa4f861a.eot",
        "/IRANSansWebFaNum.337881a1246d3b51b420.woff",
        "/IRANSansWebFaNum.732cabbff87f779b74d3.ttf",
        "/IRANSansWebFaNum.8d649f69659e092cd2f9.woff2",
        "/assets/Circle.png",
        "/assets/Fashion.png",
        "/assets/Natural_rectangle.png",
        "/assets/Retractory.jpg",
        "/assets/Smile.jpg",
        "/assets/account.png",
        "/assets/animation.svg",
        "/assets/beaker.svg",
        "/assets/chckmark.svg",
        "/assets/circle/0.png",
        "/assets/circle/11.png",
        "/assets/circle/12.png",
        "/assets/circle/13.png",
        "/assets/circle/14.png",
        "/assets/circle/15.png",
        "/assets/circle/21.png",
        "/assets/circle/22.png",
        "/assets/circle/23.png",
        "/assets/circle/24.png",
        "/assets/circle/25.png",
        "/assets/dental.svg",
        "/assets/dr.jpg",
        "/assets/fashionStyle/0.png",
        "/assets/fashionStyle/11.png",
        "/assets/fashionStyle/12.png",
        "/assets/fashionStyle/13.png",
        "/assets/fashionStyle/14.png",
        "/assets/fashionStyle/15.png",
        "/assets/fashionStyle/21.png",
        "/assets/fashionStyle/22.png",
        "/assets/fashionStyle/23.png",
        "/assets/fashionStyle/24.png",
        "/assets/fashionStyle/25.png",
        "/assets/final back white-01.png",
        "/assets/fonts/IRANSansWebFaNum.eot",
        "/assets/fonts/IRANSansWebFaNum.ttf",
        "/assets/fonts/IRANSansWebFaNum.woff",
        "/assets/fonts/IRANSansWebFaNum.woff2",
        "/assets/fullTeeth/Layer 1.png",
        "/assets/fullTeeth/Layer 10.png",
        "/assets/fullTeeth/Layer 2.png",
        "/assets/fullTeeth/Layer 3.png",
        "/assets/fullTeeth/Layer 4.png",
        "/assets/fullTeeth/Layer 5.png",
        "/assets/fullTeeth/Layer 6.png",
        "/assets/fullTeeth/Layer 7.png",
        "/assets/fullTeeth/Layer 8.png",
        "/assets/fullTeeth/Layer 9.png",
        "/assets/gauge.svg",
        "/assets/home-linear.svg",
        "/assets/hospital-patient.svg",
        "/assets/i18n/_ (1).json",
        "/assets/i18n/en.json",
        "/assets/i18n/fa.json",
        "/assets/icon/favicon.png",
        "/assets/icons/icon-128x128.png",
        "/assets/icons/icon-144x144.png",
        "/assets/icons/icon-152x152.png",
        "/assets/icons/icon-192x192.png",
        "/assets/icons/icon-384x384.png",
        "/assets/icons/icon-512x512.png",
        "/assets/icons/icon-72x72.png",
        "/assets/icons/icon-96x96.png",
        "/assets/image-000.jpg",
        "/assets/lab1.png",
        "/assets/lab2.jpg",
        "/assets/lnr-alarm.svg",
        "/assets/lnr-book.svg",
        "/assets/lnr-bubble.svg",
        "/assets/lnr-home.svg",
        "/assets/lnr-leaf.svg",
        "/assets/lnr-question-circle.svg",
        "/assets/lnr-smile.svg",
        "/assets/lnr-user.svg",
        "/assets/lnr-users.svg",
        "/assets/mahyar.jpeg",
        "/assets/mm.png",
        "/assets/naturalRectangle/0.png",
        "/assets/naturalRectangle/11.png",
        "/assets/naturalRectangle/12.png",
        "/assets/naturalRectangle/13.png",
        "/assets/naturalRectangle/14.png",
        "/assets/naturalRectangle/15.png",
        "/assets/naturalRectangle/21.png",
        "/assets/naturalRectangle/22.png",
        "/assets/naturalRectangle/23.png",
        "/assets/naturalRectangle/24.png",
        "/assets/naturalRectangle/25.png",
        "/assets/p2.jpg",
        "/assets/rectangle/0.png",
        "/assets/rectangle/11.png",
        "/assets/rectangle/12.png",
        "/assets/rectangle/13.png",
        "/assets/rectangle/14.png",
        "/assets/rectangle/21.png",
        "/assets/rectangle/22.png",
        "/assets/rectangle/23.png",
        "/assets/rectangle/24.png",
        "/assets/rectangle/25.png",
        "/assets/risos.jpg",
        "/assets/scss/modules/_fonts.scss",
        "/assets/sevil.jpg",
        "/assets/shapes.svg",
        "/assets/smileDesign.jpg",
        "/assets/splash.png",
        "/assets/square.png",
        "/assets/square/0.png",
        "/assets/square/11.png",
        "/assets/square/12.png",
        "/assets/square/13.png",
        "/assets/square/14.png",
        "/assets/square/15.png",
        "/assets/square/21.png",
        "/assets/square/22.png",
        "/assets/square/23.png",
        "/assets/square/24.png",
        "/assets/square/25.png",
        "/assets/ss.png",
        "/assets/teeth copy.png",
        "/assets/teeth.png",
        "/assets/translate/*.json",
        "/assets/tri.png",
        "/lab2.1f5d7ef17dfa2ed42b11.jpg"
      ],
      "patterns": []
    }
  ],
  "dataGroups": [],
  "hashTable": {
    "/1.07debdef5f2f8065ef61.js": "1d9e40d25d22059cf8714c68ac2a41d724441abd",
    "/10.0b30738d515e1da62070.js": "ba3ef7dc6f9e02f6ada7bcf7a88f001e4c1f76f2",
    "/100.e920b9fb3daa288854d2.js": "e77cc1db501bd9126e0a89be5b2758dbc229a3d0",
    "/101.7641c0826d556d3e9b9d.js": "90fe5e87b88376d887cf116bae07960dad6bcfd8",
    "/102.cbe567be952d9999206f.js": "bb9efe878bc3912fb0a6fe581ba2455c8105aef7",
    "/103.412048f390b2efa7e81e.js": "5036f6ab7d2072d5473c53250b7f9ec7cdee6119",
    "/11.e07c964056fb6e37d94a.js": "04ca7ac6959e4ad85bfd55eefe146bee9197e4b1",
    "/2.94775778700c46ac0f93.js": "8ca4c97fbed242cfff970d77a035b53f7bc9c16a",
    "/20.2e357664517e41436adc.js": "7e88e2b1d678cb992da9db29276c166cd45bee1f",
    "/21.291d79c598ac27744b00.js": "1a93aa9c66fc67babd34ca49a0a28f15d4bfaa3e",
    "/22.505c3d3767e45a34512f.js": "f9125c64a270095cf3eda80c18cd696526f6eac9",
    "/23.73d63761bbcb40830faf.js": "1d454b4d8ed1bef46f63d30468604dcb92424e81",
    "/24.773b61ac6761f706871e.js": "61c9ab71c5337ef84c3523cb86c816e5b016b6ac",
    "/25.65bdf10bb3feaa1a5e6b.js": "18be25b1e0ea1b1a1956b5dc2bd88d999938c12b",
    "/26.e17b46a8d9252bd52a6a.js": "cbff4c0f0596165629f6c96bf023d1893b530137",
    "/27.d6c15477968800f9de2d.js": "accbc24301656c3848ef4234bfb2f122c2b52b50",
    "/28.3449782f4685d7f67777.js": "f0fba62a144f22d9f604b862ee314e1d984a2729",
    "/29.0185fe88ab7f630489b7.js": "19d7e9ea3f38e9f707ef42ac16b0e0ae9020b822",
    "/3.69142082a4ddf810735d.js": "ae0adb0235a832ee32b40ab6d9f4d0c0d254311e",
    "/30.2d5d58f3ecc3223e9f4a.js": "bd407d089a547e7d2fa64ae0f361d2796fa642b1",
    "/31.ffa164e5ec5fabb2a3ec.js": "29cefe5cd586dcbd7ef5981dd099ae905c6c1443",
    "/32.3b2360ddf045cbcba1fa.js": "00876dbab5e311970b655349da2a1753abc8db71",
    "/33.f5a3db55827f500830f8.js": "522db4a54ce7996a9facc52793946afe285e5933",
    "/34.3668e88d6eecdc98a6b9.js": "aa94d740db877dfacbe36b932f20d8db28a59961",
    "/35.af2ce330f7cc34e85945.js": "9776d300ae64fb056632e67e027e2156b58e862d",
    "/36.65bfec034b7c88a2d58f.js": "3a79507f798196dbb6585362a62a16cb1da88083",
    "/37.42b7068dd8718f75e926.js": "60e637bc2c3af01443d12072d0267aca2e0dbfee",
    "/38.0646d0d9f3f440663167.js": "01afe3d0c8c999bba2c3b1e4bc457c709149f8a3",
    "/39.d28501b35d4e55225f62.js": "6390dadceea742718eda5cd384d13636cf6fca57",
    "/4.e9e8aaee8a7a537fd195.js": "ad833747c0ae3a063b5064083a78be985ca3114f",
    "/40.f61cf1feadc0edaeed6a.js": "1e92572f3ef2b14f4e91a9b071b25d35eadce2f0",
    "/41.c29c69e5cd0a5fe14d47.js": "44f484a859d9bb97f7d2e7db9e9fb682f6786281",
    "/42.95efd608625363f0589d.js": "ea0083ad821df4d2183aaa94c6dac423060b332f",
    "/43.e61e1e3046414de7ceba.js": "9af3b265534e889bc708268eefafad02519771f4",
    "/44.8edd7b30e82934fb6aa7.js": "913ba0160b54a98c1cec9b5201ac686bfefdc72e",
    "/45.67e108a692dabd8aea8b.js": "7a0aed4007af5e2b6268c189c4cb4e5ce7335cad",
    "/46.076b362b5542c037386c.js": "cdcb00444931cc622c8516e5febc2f26307493db",
    "/47.292bd8f37efd8e83dc68.js": "60ced470929e721811cc4c0c5ec5a238a0f671b5",
    "/48.cdcb5856565e2cfaaf2b.js": "506c50b006427633acbf8c16eed43d0ad27f82d7",
    "/49.27eec2d98fcd1f390e41.js": "1da479c0db23279ef7e3e191096f17cd6a1ce5e2",
    "/50.0b3015df74afe3c2ba21.js": "b706f012f128ecfa8b1cfe1f92d9e3ce305788c3",
    "/51.98c5ff9994b346e6a973.js": "8b5136201a6e31f287d3d53fb606f1d52e0be898",
    "/52.6a21a0ed39e78f68d704.js": "3b0ec4dd35f184df37731ac93db2c1eaaf436b6e",
    "/53.77e0d305daff21c35719.js": "a3bae51cb948a393c3ba225c2624d01675c71d66",
    "/54.4b8776df910801980c64.js": "261c6e5b1737d8961ccfd10ddbb5f53e0ac0e835",
    "/55.2f6f7aaab6154925287e.js": "9900c4e36f08c285f08aa3d5639fafc94e342e4e",
    "/56.e12eec436bfc6e0badd3.js": "6450f4b6812aee46bc55d3d87dd948de20d8fce9",
    "/57.5b620e043cf0c5390477.js": "84e0848465564ed09962a6e5ad88e60cce122686",
    "/58.d67bff7ddedde46552ed.js": "03eff753641e5be857366acb7af6ff8017a8b161",
    "/59.7db800b762047601293c.js": "777617b1191d7a61f79fadd7cb7413a562bb5aa5",
    "/6.e02d34dfc74fdc70971f.js": "4250494474d7d87753e15baf58799618b60be44e",
    "/60.f135fe052b457b57259c.js": "448e763b5c4601359fc2be978dc80af04b12eae7",
    "/61.e8457127f083113ee203.js": "686edd09a2c07be22d47356a38d5e846e5594d11",
    "/62.592607bf93b2211a804b.js": "38df0a3f12f587601e5ff1fae83c183088c2bb34",
    "/63.0d7e2fb4b13aec024999.js": "f9fb674f31ab37bafd7ce54f577af620e85dcf3f",
    "/64.77115ae595db88f88bf8.js": "5f90e067262f1ed03e1d519f947a9a40d98bacc8",
    "/65.4293927ee075855770ec.js": "817c53cf94297b205e72e6d970d58fa90f6f949a",
    "/66.b9dadc9245cc910b774d.js": "089c5f3eb6afc488d39f59dde0443c99bfb50685",
    "/67.233464764796e9ce128c.js": "6010e0370bc372d97ec44d3da4e983bb062870b2",
    "/68.2cddb7f41738c9bb2dad.js": "dcf27f68e8cfd81601849259e44dd8f205883f4c",
    "/69.7e1e7e4e342702018cdd.js": "3c6b582f36d77622c467f2ec11f2b66bce4ac26a",
    "/7.dcc32c81bc1a126434e4.js": "06d7a77bdb36b7eaf9739ed380822db397d86f3a",
    "/70.56306ca1d2b58ad31b80.js": "360ca878fa351564645699478335d4bec5031818",
    "/71.08850321d02625ccaf95.js": "a163ceb6fc4fe97ca9f8e67fead30cd85586f60c",
    "/72.4889c4e0d853d143def5.js": "517fb0246793dee3044b7075671a05a3c39bd5dd",
    "/73.5168427723b64a4ec60e.js": "6d087cb5025808f216da20ba3c73122e0d2109c5",
    "/74.5db89ddce0898c9fe2e2.js": "f7d2abc36ecb7f551c07ee61d67fad8f03a182e3",
    "/75.295dfcfe52ee04c70ed2.js": "b6e20bc61dd748c95b0faf20a80722be98ebd180",
    "/76.f02c4c8c43256199aa8f.js": "91fbcc9f26af5ecf5408757dcbb3318038c739e8",
    "/77.334aa97948f9ec9edae3.js": "fca5ca4026b110c4dc0109fdbb7914a299d30883",
    "/78.05262abd8930b9e9230d.js": "104c14f19d790cbd4a9a6da5e3ba8b4ad330570e",
    "/79.42b5e7a7c59f0c0e79c5.js": "49f928a14b15717df5ebc7cc198205577f58662a",
    "/8.e08d7f661362dffadd44.js": "7370f1061d96541da55a2c0311e66bc74b1370f0",
    "/80.93b8ca03a642010aebe0.js": "c187ee4c886ee87d7554b400864f881203bddd3c",
    "/81.6ca089b36d1e36282833.js": "c1be4f44a7ece187f186cffccd795c22e2dad989",
    "/82.8c937d974cb2e94cd623.js": "56a53be50119f96d88447d3f08d0cc4a02dfddb9",
    "/83.fcf7f4f531936c4bb393.js": "78e662d8c04e19d0492cc6f694de7878df47f19d",
    "/84.aceb69456dd5e5f3d821.js": "91e0037f65d8e8da4c1655f1600acc5a7b5c5ddd",
    "/85.e16d17c6fe8f252992e9.js": "f0b051067bb201560d998daed14f4e05b539307d",
    "/86.d50b70a427d98a122c37.js": "9f6f9b7b6538f08651bd60bd257e96cbfd9cd67f",
    "/87.ef71624f3df7834421b1.js": "bf3884847c4a78ba9f6d27483028849611af713f",
    "/88.3fe859bdcfb882c2b2ca.js": "3503fca110449155c3e95f8dda1ce0851d09a1e6",
    "/89.1bafe30fcc23c5c12e75.js": "df4c293c1a0c068e143f0cf5700e1d25b55855d0",
    "/9.47c2f8a7d4f8a4ed5a25.js": "1c87acd4053bec8514000e66fd5e970901eebf68",
    "/90.089161da87380fa5d914.js": "6ad60c79e95bc56a22100af420eb155a6f209126",
    "/91.d72b19ff120c91cb2fce.js": "30c4159981df43168f1854a4fb674ec6f5e9872d",
    "/92.7a0cc3aa86d595fb3ff7.js": "6a1068f4e6498379f1de1ba7078e29ae0707490b",
    "/93.54ac62723b3b6deeb1f8.js": "ceafa3bbae380d81bbf3857bfcbec98ab96c14f4",
    "/94.e3fb08cad69c7dc98f0a.js": "b0c4056ab2036cb4a5d1c47d520b3c28a26cfcb8",
    "/95.c342f7426c9c27aeadd6.js": "ab08cd517ca90ead7222fff06a0bc86a8bd0ee6c",
    "/96.c26a2ba346a9472511ca.js": "56acac903f8b32a85322010a489b0ca613f9718f",
    "/97.9371f379dcf7b5e84ed0.js": "e1c85a40b840da8639e9faaa853644e5c261fddf",
    "/98.8b78027cbbd977a242bd.js": "16462c2dde762ff0d2be36dde6181daec73636f2",
    "/99.47eda1a2779f5ef134c6.js": "198d9aab005ee3750c7852a1c082cb5976effcd8",
    "/IRANSansWebFaNum.1a6f8943e894fa4f861a.eot": "dfe800fd72fd348a5488031b6e701565ed1b8e64",
    "/IRANSansWebFaNum.337881a1246d3b51b420.woff": "b029802d39b66550cb0582f81b3cc91be808ad27",
    "/IRANSansWebFaNum.732cabbff87f779b74d3.ttf": "25d94c329766bc2fbe4a9a0e095cd8f85da33a6e",
    "/IRANSansWebFaNum.8d649f69659e092cd2f9.woff2": "86437711b342274a5f43ba41870b38eb6205fb97",
    "/assets/Circle.png": "3cc77d67e6bf45eab499a50a906cd004da6b3003",
    "/assets/Fashion.png": "19cdb746f43e4f43926594af5b82a37c2a7d4f55",
    "/assets/Natural_rectangle.png": "9626557d3be54a98fed823728d41558fdca49b39",
    "/assets/Retractory.jpg": "fd0bbf4dda75af506c1f50b89ed0111accfdc421",
    "/assets/Smile.jpg": "6f2ad32ce1144adca25d495638fea5522f4d3a73",
    "/assets/account.png": "e39c653927b0f038227419ce7891deddf0a7b94d",
    "/assets/animation.svg": "7023f3fa57cc031282ecc758c7e6d67a055fb40d",
    "/assets/beaker.svg": "9a6d40efb7a748fa9f534d83ad8aab099ac8901a",
    "/assets/chckmark.svg": "3ddbfc2ac2d69b52a84f591b3b34b1f949bc0860",
    "/assets/circle/0.png": "806261f9eb9f9df768c5abe57114430ddb35e4d4",
    "/assets/circle/11.png": "84945238d20730f53ca408baec12ee165476a6bd",
    "/assets/circle/12.png": "11bd8246c6c24108efabf8fb2bfc32b3f4435c4f",
    "/assets/circle/13.png": "31668e8e3960672b564b892e30452101a973a599",
    "/assets/circle/14.png": "265977384ae472aef40500c1b5c7ba58d0a4a71c",
    "/assets/circle/15.png": "8e6e8a2325a44f432cffeb345025e65cad206b9d",
    "/assets/circle/21.png": "0fb32b24c7a6d3bc98a3ee30bb79e0f87f811eb0",
    "/assets/circle/22.png": "89687b4a97ca3edf449c12e73549c284930e2695",
    "/assets/circle/23.png": "f4032b7c1db6b51e1d6e4c9bca6004c7163e8931",
    "/assets/circle/24.png": "8faa0f0ffefd636bc97e2dec34f8b1644a49d282",
    "/assets/circle/25.png": "286530cdb187415da5c4419c5cb6733776bbfec5",
    "/assets/dental.svg": "344cf981e23a7073a0099290c01c5f23e9c2a520",
    "/assets/dr.jpg": "a057dc652406f2ade3541705d1d341b5076904cd",
    "/assets/fashionStyle/0.png": "de7c35eee9a0449c4000228e50d5b85b24c50c48",
    "/assets/fashionStyle/11.png": "8410eefeb32dc83bf110e2da490a67543d5b81fc",
    "/assets/fashionStyle/12.png": "789eef3243ba6b7ba6a9d1df5b87692f5a41b86f",
    "/assets/fashionStyle/13.png": "b83e6a8fafd4e2140a3eef140e8c9b0e625233bb",
    "/assets/fashionStyle/14.png": "7f3771b5894f0b5c6adbd1df93b28618752501d3",
    "/assets/fashionStyle/15.png": "0bc8253efe5d4537157589a2f649ad3bcd08c9f4",
    "/assets/fashionStyle/21.png": "6d6af2e0cc6d96b0b04f2fad2d97e5dd3b5fe375",
    "/assets/fashionStyle/22.png": "863cb230e409a032ccd00698797aaecbcab067b5",
    "/assets/fashionStyle/23.png": "ed771d682ac6f164732eb1c4acf130d6b571859c",
    "/assets/fashionStyle/24.png": "76ab657cf25b664a248a503e719c4fe2b10a4f34",
    "/assets/fashionStyle/25.png": "509a3331da88d0832cf2a2f60ab60240384f716e",
    "/assets/final back white-01.png": "7f6bd5542482d93e2ccdeb9bc3b4a98dda112d92",
    "/assets/fonts/IRANSansWebFaNum.eot": "dfe800fd72fd348a5488031b6e701565ed1b8e64",
    "/assets/fonts/IRANSansWebFaNum.ttf": "25d94c329766bc2fbe4a9a0e095cd8f85da33a6e",
    "/assets/fonts/IRANSansWebFaNum.woff": "b029802d39b66550cb0582f81b3cc91be808ad27",
    "/assets/fonts/IRANSansWebFaNum.woff2": "86437711b342274a5f43ba41870b38eb6205fb97",
    "/assets/fullTeeth/Layer 1.png": "5d5aa7561ce834757adb66afa02f920e57caabdf",
    "/assets/fullTeeth/Layer 10.png": "460e7da862ed6615baaf76d9193f12a4ee6da279",
    "/assets/fullTeeth/Layer 2.png": "b1abc3b55280d703e40f50e40cdfc8341ada8a73",
    "/assets/fullTeeth/Layer 3.png": "3d0c28a5c3c410cd7a68bf3f1895adee9d419eb2",
    "/assets/fullTeeth/Layer 4.png": "f5eae5dc550583b00352337d04a393e1f2241e4a",
    "/assets/fullTeeth/Layer 5.png": "c1582aecf290700f29d8d3f3e7c14569f6d8e807",
    "/assets/fullTeeth/Layer 6.png": "8b8590ec4bcbc45beb150bb0069a013bee344475",
    "/assets/fullTeeth/Layer 7.png": "b971e285b8d41d7148ee62dcd2aa8ba1c32b88f7",
    "/assets/fullTeeth/Layer 8.png": "c7ebae9d0917301a8bb86dd202b26d029ee492e3",
    "/assets/fullTeeth/Layer 9.png": "829dfae56bd1fdf22ceb3a350e0a6459fa3b106f",
    "/assets/gauge.svg": "8aa3424f73d2947469eda47690a4245126142666",
    "/assets/home-linear.svg": "b734ca4bb02e90fccec1ad92aa83e3521aa306c3",
    "/assets/hospital-patient.svg": "2726b674587cbec4a6744c5bc3dcced75c8b0ebc",
    "/assets/i18n/_ (1).json": "a844fa485b6f72ec0a6e83f32147da2bc4901b67",
    "/assets/i18n/en.json": "0162cd6782d11acfaa0f13b44a1bf00ede1df4ab",
    "/assets/i18n/fa.json": "f19aa5372fe4e8c11e6ff45bfb952d2c2bec6f70",
    "/assets/icon/favicon.png": "7f6bd5542482d93e2ccdeb9bc3b4a98dda112d92",
    "/assets/icons/icon-128x128.png": "911321de0475bc93916d35ff98720eecce999264",
    "/assets/icons/icon-144x144.png": "6163d6ba203fc7e68879616a2a712eb1895b0f05",
    "/assets/icons/icon-152x152.png": "cfe4451bbb9f79b209656d40fcbeae589e07d978",
    "/assets/icons/icon-192x192.png": "7002fc1fd54aa2d1a579d984d4aa9a7f3baf6024",
    "/assets/icons/icon-384x384.png": "d76c91650b75494bbc70bd61a1fd61dfc214089a",
    "/assets/icons/icon-512x512.png": "27732f4ebc01c5ed9d3b1f167eb3bc1c021318e8",
    "/assets/icons/icon-72x72.png": "8f9ff70ccbe865c7a633f6949f621af8bd18d89a",
    "/assets/icons/icon-96x96.png": "8986887a72ef95f4ce3c40121419581a2146b123",
    "/assets/image-000.jpg": "b02824eee522daae07ddea90c23f96306eb2b74b",
    "/assets/lab1.png": "1317f8e839dc1d6628b99f7a4aa6a03407307506",
    "/assets/lab2.jpg": "5c58bc0abd22af9d6147a995d68ae51964961295",
    "/assets/lnr-alarm.svg": "94fe5937ed0276ef212dcde41777d50039bad452",
    "/assets/lnr-book.svg": "aa9b21f2598e249309ac33a9decc25f1d53133a7",
    "/assets/lnr-bubble.svg": "dce76b138907aa8342affd2f1b511388a84ff5ce",
    "/assets/lnr-home.svg": "f32e9c734f085b665df7fc8389dd473a22be57af",
    "/assets/lnr-leaf.svg": "2fdbaab0b8d71cc40ca60d47b2a185d0176a171e",
    "/assets/lnr-question-circle.svg": "a441c87564ddcd9a417eac1c3256ebc88f27f2a4",
    "/assets/lnr-smile.svg": "e5978b6d874342b595feb3551445a03a2a141d74",
    "/assets/lnr-user.svg": "2f1ee48f0e6027fef0dd5e0786b30c23fc29094a",
    "/assets/lnr-users.svg": "f4c260bf3e3d4ddd3b12f8cf27ca2baed7972214",
    "/assets/mahyar.jpeg": "8059bbe13b329c81b3d58c60c0daefc3748db933",
    "/assets/mm.png": "88ddd4d7e069c8fa53c6a209497a90d4e6978156",
    "/assets/naturalRectangle/0.png": "4a11e42de8f1fa98f01bef30b98987a41a4095d4",
    "/assets/naturalRectangle/11.png": "b945295dc6719e67a00a63bf2fae0dba4be6ae94",
    "/assets/naturalRectangle/12.png": "9c31564bc080363670b0ba93ab48c185f4394011",
    "/assets/naturalRectangle/13.png": "2dd7ac0cfe6d1a1fcb26b047d04e77c309cc2dd5",
    "/assets/naturalRectangle/14.png": "a42c97bd4c83ff6b72273c44de083661e7d71d4e",
    "/assets/naturalRectangle/15.png": "4d6e4b8e54bc283fd1957ee39f3df6f1b0b6b6c0",
    "/assets/naturalRectangle/21.png": "02efa8cf3fea02b362d3cb196a4c413c1a11ab67",
    "/assets/naturalRectangle/22.png": "570048e9995256d32a40a72ab14fd3a26bf6ae6f",
    "/assets/naturalRectangle/23.png": "cf561954fc5e74b885590c8e941cb35660efbb62",
    "/assets/naturalRectangle/24.png": "bf5827511d06b91d72ec0f7e160be6e853879f61",
    "/assets/naturalRectangle/25.png": "2c986bd1bea1351014c5bdc3924bc0dad1b99176",
    "/assets/p2.jpg": "856c25335381b911114fdb091797e60a9a6561fc",
    "/assets/rectangle/0.png": "460e7da862ed6615baaf76d9193f12a4ee6da279",
    "/assets/rectangle/11.png": "f5eae5dc550583b00352337d04a393e1f2241e4a",
    "/assets/rectangle/12.png": "3d0c28a5c3c410cd7a68bf3f1895adee9d419eb2",
    "/assets/rectangle/13.png": "b1abc3b55280d703e40f50e40cdfc8341ada8a73",
    "/assets/rectangle/14.png": "5d5aa7561ce834757adb66afa02f920e57caabdf",
    "/assets/rectangle/21.png": "c1582aecf290700f29d8d3f3e7c14569f6d8e807",
    "/assets/rectangle/22.png": "8b8590ec4bcbc45beb150bb0069a013bee344475",
    "/assets/rectangle/23.png": "b971e285b8d41d7148ee62dcd2aa8ba1c32b88f7",
    "/assets/rectangle/24.png": "c7ebae9d0917301a8bb86dd202b26d029ee492e3",
    "/assets/rectangle/25.png": "829dfae56bd1fdf22ceb3a350e0a6459fa3b106f",
    "/assets/risos.jpg": "1ac253e92fa1f225fc502661f2aa68494130b31e",
    "/assets/scss/modules/_fonts.scss": "936a85b7464714839560963c3abb02f3dcde3921",
    "/assets/sevil.jpg": "424adbeae7eb7bed265ed11b6b732f95b2099ab2",
    "/assets/shapes.svg": "5413e95adabcb2cb639970051f55e0ddb64ace53",
    "/assets/smileDesign.jpg": "9b3df15dff14f0360e9b0dad4554b38f8e6f9fec",
    "/assets/splash.png": "8791a56bacfb9885708de08cab2ba88b1bd2c9be",
    "/assets/square.png": "87a679127672a44822e36d12e8a9e323ad6ff428",
    "/assets/square/0.png": "c0cfc3e2c093edc068eb0d941dce9d50577ea9b5",
    "/assets/square/11.png": "d673d449570bbfea66aee9276d7ea3c5fa236a04",
    "/assets/square/12.png": "d86a149adb1bacf3127ef7b4519db2924d833108",
    "/assets/square/13.png": "741983bade30e2796b8e31c240a2e4f8275d667a",
    "/assets/square/14.png": "d2a520cb2a099e06f66543a582112539aab5ff38",
    "/assets/square/15.png": "a43c822c8c61d99e6ffa8976e2031ca22df8daee",
    "/assets/square/21.png": "e8a65597945d37854c51bcc54d1d91340382419a",
    "/assets/square/22.png": "cda60b85fb448ef26106c72733cc731283a1ce99",
    "/assets/square/23.png": "da55ac92ddfa7f7369a79ceb1c396bfab7c4a577",
    "/assets/square/24.png": "a3c3ad501054119c7cd8b57d6d750a3715e07d86",
    "/assets/square/25.png": "421ce55f4b89d978921b2c48a08c5fd9ccfd4772",
    "/assets/ss.png": "b25711ffc1e111e6397f3522f19db762f093e857",
    "/assets/teeth copy.png": "a8323601ad0a2f6574b59de718514d0e077d2dd5",
    "/assets/teeth.png": "a8323601ad0a2f6574b59de718514d0e077d2dd5",
    "/assets/translate/*.json": "3fbf46558c14cca65ce3ada096162ba132d1ec0c",
    "/assets/tri.png": "a8323601ad0a2f6574b59de718514d0e077d2dd5",
    "/common.43d4b411b05a4335917b.js": "60514743f0ee99fd99873363e358c4cabe00ca2a",
    "/index.html": "d8ecec5cf87b8ed34ee12ed6e04389e1ed5d2da8",
    "/lab2.1f5d7ef17dfa2ed42b11.jpg": "5c58bc0abd22af9d6147a995d68ae51964961295",
    "/main.06df39f53402ad626caf.js": "d148a6c2a79ab65672c8249f2b3be5def153d6a4",
    "/manifest.webmanifest": "1340d10008d841dc8220782d69366d142fc32985",
    "/polyfills-core-js.e6f2f20bdc054377bbf8.js": "05e0d21f3ead2859fc1a56b244b3fae8959897b9",
    "/polyfills-css-shim.b8a7f4d39b429725a8bb.js": "648b46c37c1f0b84296fca28b2f1dc5e40f67bf3",
    "/polyfills-dom.79ad36a589adfcecb77b.js": "08d6a5fad44dc1316d292108cd48157b6c6a56cf",
    "/polyfills.8df1a1eb3442c85f7151.js": "326ff7979ced4d92bd561d6a3c41a704f60f3465",
    "/runtime.bd1020fbf11821dcdc5f.js": "57ae31f1c13532d6350f9c1ecad1156d40f13560",
    "/stencil-polyfills-css-shim.e2cce5e624ca17132b36.js": "c6f5f7e7c534cc10e9153e6f7c92c26c690dcf4f",
    "/stencil-polyfills-dom.94999865e6e0d3b962ba.js": "b96d56c01a432a75c537c07441165cbddb389fc7",
    "/styles.01fe1907a2820afddea3.css": "e3e078d3a6c41f760a7778fccfc298388d8afea1"
  },
  "navigationUrls": [
    {
      "positive": true,
      "regex": "^\\/.*$"
    },
    {
      "positive": false,
      "regex": "^\\/(?:.+\\/)?[^/]*\\.[^/]*$"
    },
    {
      "positive": false,
      "regex": "^\\/(?:.+\\/)?[^/]*__[^/]*$"
    },
    {
      "positive": false,
      "regex": "^\\/(?:.+\\/)?[^/]*__[^/]*\\/.*$"
    }
  ],
  "navigationRequestStrategy": "performance"
}