{
  "configVersion": 1,
  "timestamp": 1636608342888,
  "index": "/index.html",
  "assetGroups": [
    {
      "name": "app",
      "installMode": "prefetch",
      "updateMode": "prefetch",
      "cacheQueryOptions": {
        "ignoreVary": true
      },
      "urls": [
        "/0.js",
        "/1.js",
        "/10.js",
        "/11.js",
        "/12.js",
        "/13.js",
        "/14.js",
        "/15.js",
        "/16.js",
        "/17.js",
        "/18.js",
        "/19.js",
        "/2.js",
        "/20.js",
        "/21.js",
        "/22.js",
        "/23.js",
        "/24.js",
        "/25.js",
        "/26.js",
        "/27.js",
        "/28.js",
        "/29.js",
        "/3.js",
        "/30.js",
        "/31.js",
        "/32.js",
        "/33.js",
        "/34.js",
        "/35.js",
        "/36.js",
        "/37.js",
        "/38.js",
        "/39.js",
        "/4.js",
        "/40.js",
        "/41.js",
        "/42.js",
        "/43.js",
        "/44.js",
        "/45.js",
        "/46.js",
        "/47.js",
        "/5.js",
        "/6.js",
        "/7.js",
        "/8.js",
        "/9.js",
        "/capturex-capturex-module.js",
        "/common.js",
        "/comparison-comparison-module.js",
        "/contact-lab-contact-lab-module.js",
        "/core-js-js.js",
        "/create-order-create-order-module.js",
        "/create-patient-create-patient-module.js",
        "/createlab-createlab-module.js",
        "/default~capturex-capturex-module~comparison-comparison-module~create-order-create-order-module~creat~e1ba7a73.js",
        "/default~capturex-capturex-module~create-patient-create-patient-module~lab-c-lab-c-module~lab-orders-~5f0481f7.js",
        "/default~capturex-capturex-module~lab-c-lab-c-module~lab-orders-lab-orders-module~labs-choose-labs-ch~7ea3dc9e.js",
        "/default~capturex-capturex-module~lab-c-lab-c-module~lab-orders-lab-orders-module~labs-choose-labs-ch~d17e10bb.js",
        "/default~create-patient-create-patient-module~gallery-gallery-module~p-detail-p-detail-module~profile~1e5d1939.js",
        "/default~main-main-module~profile-profile-module.js",
        "/dom-js.js",
        "/edit-edit-module.js",
        "/focus-visible-f4ad4f1a-js.js",
        "/forget-pass-forget-pass-module.js",
        "/gallery-gallery-module.js",
        "/home-home-module.js",
        "/index.html",
        "/input-shims-73f15161-js.js",
        "/invoice-invoice-module.js",
        "/keyboard-5742b5da-js.js",
        "/lab-c-lab-c-module.js",
        "/lab-gallery-lab-gallery-module.js",
        "/lab-orders-lab-orders-module.js",
        "/lab-profile-lab-profile-module.js",
        "/labs-choose-labs-choose-module.js",
        "/labs-labs-module.js",
        "/login-login-module.js",
        "/main-main-module.js",
        "/main.js",
        "/manifest.webmanifest",
        "/map-map-module.js",
        "/notification-notification-module.js",
        "/order-detail-order-detail-module.js",
        "/orders-orders-module.js",
        "/p-detail-p-detail-module.js",
        "/patients-patients-module.js",
        "/polyfills-core-js.js",
        "/polyfills-css-shim.js",
        "/polyfills-dom.js",
        "/polyfills.js",
        "/process-process-module.js",
        "/profile-profile-module.js",
        "/reset-pass-reset-pass-module.js",
        "/risos-risos-module.js",
        "/runtime.js",
        "/shadow-css-a3f00b33-js.js",
        "/shadow-css-d7d058ec-d59cb009-js.js",
        "/signup-signup-module.js",
        "/smile-smile-module.js",
        "/status-tap-bdecfebf-js.js",
        "/stencil-polyfills-css-shim.js",
        "/stencil-polyfills-dom.js",
        "/styles.css",
        "/success-success-module.js",
        "/swipe-back-fae97365-js.js",
        "/swiper-bundle-6c5e7804-js.js",
        "/tabs-tabs-module.js",
        "/tap-click-cc1ae2b2-js.js",
        "/tutorial-tutorial-module.js",
        "/vendor.js",
        "/verify-verify-module.js",
        "/web.js"
      ],
      "patterns": []
    },
    {
      "name": "assets",
      "installMode": "lazy",
      "updateMode": "prefetch",
      "cacheQueryOptions": {
        "ignoreVary": true
      },
      "urls": [
        "/IRANSansWebFaNum.eot",
        "/IRANSansWebFaNum.ttf",
        "/IRANSansWebFaNum.woff",
        "/IRANSansWebFaNum.woff2",
        "/assets/Circle.png",
        "/assets/Fashion.png",
        "/assets/Natural_rectangle.png",
        "/assets/Retractory.jpg",
        "/assets/Smile.jpg",
        "/assets/account.png",
        "/assets/animation.svg",
        "/assets/beaker.svg",
        "/assets/chckmark.svg",
        "/assets/circle/0.png",
        "/assets/circle/11.png",
        "/assets/circle/12.png",
        "/assets/circle/13.png",
        "/assets/circle/14.png",
        "/assets/circle/15.png",
        "/assets/circle/21.png",
        "/assets/circle/22.png",
        "/assets/circle/23.png",
        "/assets/circle/24.png",
        "/assets/circle/25.png",
        "/assets/dental.svg",
        "/assets/dr.jpg",
        "/assets/fashionStyle/0.png",
        "/assets/fashionStyle/11.png",
        "/assets/fashionStyle/12.png",
        "/assets/fashionStyle/13.png",
        "/assets/fashionStyle/14.png",
        "/assets/fashionStyle/15.png",
        "/assets/fashionStyle/21.png",
        "/assets/fashionStyle/22.png",
        "/assets/fashionStyle/23.png",
        "/assets/fashionStyle/24.png",
        "/assets/fashionStyle/25.png",
        "/assets/final back white-01.png",
        "/assets/fonts/IRANSansWebFaNum.eot",
        "/assets/fonts/IRANSansWebFaNum.ttf",
        "/assets/fonts/IRANSansWebFaNum.woff",
        "/assets/fonts/IRANSansWebFaNum.woff2",
        "/assets/fullTeeth/Layer 1.png",
        "/assets/fullTeeth/Layer 10.png",
        "/assets/fullTeeth/Layer 2.png",
        "/assets/fullTeeth/Layer 3.png",
        "/assets/fullTeeth/Layer 4.png",
        "/assets/fullTeeth/Layer 5.png",
        "/assets/fullTeeth/Layer 6.png",
        "/assets/fullTeeth/Layer 7.png",
        "/assets/fullTeeth/Layer 8.png",
        "/assets/fullTeeth/Layer 9.png",
        "/assets/gauge.svg",
        "/assets/home-linear.svg",
        "/assets/hospital-patient.svg",
        "/assets/i18n/_ (1).json",
        "/assets/i18n/en.json",
        "/assets/i18n/fa.json",
        "/assets/icon/favicon.png",
        "/assets/icons/icon-128x128.png",
        "/assets/icons/icon-144x144.png",
        "/assets/icons/icon-152x152.png",
        "/assets/icons/icon-192x192.png",
        "/assets/icons/icon-384x384.png",
        "/assets/icons/icon-512x512.png",
        "/assets/icons/icon-72x72.png",
        "/assets/icons/icon-96x96.png",
        "/assets/image-000.jpg",
        "/assets/lab1.png",
        "/assets/lab2.jpg",
        "/assets/lnr-alarm.svg",
        "/assets/lnr-book.svg",
        "/assets/lnr-bubble.svg",
        "/assets/lnr-home.svg",
        "/assets/lnr-leaf.svg",
        "/assets/lnr-question-circle.svg",
        "/assets/lnr-smile.svg",
        "/assets/lnr-user.svg",
        "/assets/lnr-users.svg",
        "/assets/mahyar.jpeg",
        "/assets/mm.png",
        "/assets/naturalRectangle/0.png",
        "/assets/naturalRectangle/11.png",
        "/assets/naturalRectangle/12.png",
        "/assets/naturalRectangle/13.png",
        "/assets/naturalRectangle/14.png",
        "/assets/naturalRectangle/15.png",
        "/assets/naturalRectangle/21.png",
        "/assets/naturalRectangle/22.png",
        "/assets/naturalRectangle/23.png",
        "/assets/naturalRectangle/24.png",
        "/assets/naturalRectangle/25.png",
        "/assets/p2.jpg",
        "/assets/rectangle/0.png",
        "/assets/rectangle/11.png",
        "/assets/rectangle/12.png",
        "/assets/rectangle/13.png",
        "/assets/rectangle/14.png",
        "/assets/rectangle/21.png",
        "/assets/rectangle/22.png",
        "/assets/rectangle/23.png",
        "/assets/rectangle/24.png",
        "/assets/rectangle/25.png",
        "/assets/risos.jpg",
        "/assets/scss/modules/_fonts.scss",
        "/assets/sevil.jpg",
        "/assets/shapes.svg",
        "/assets/smileDesign.jpg",
        "/assets/splash.png",
        "/assets/square.png",
        "/assets/square/0.png",
        "/assets/square/11.png",
        "/assets/square/12.png",
        "/assets/square/13.png",
        "/assets/square/14.png",
        "/assets/square/15.png",
        "/assets/square/21.png",
        "/assets/square/22.png",
        "/assets/square/23.png",
        "/assets/square/24.png",
        "/assets/square/25.png",
        "/assets/ss.png",
        "/assets/teeth copy.png",
        "/assets/teeth.png",
        "/assets/translate/file.json",
        "/assets/tri.png",
        "/lab2.jpg"
      ],
      "patterns": []
    }
  ],
  "dataGroups": [],
  "hashTable": {
    "/0.js": "137320c931707c21ce89e7846d77950de328e542",
    "/1.js": "13fb90b3edcdc89554328ed19d70f7ea74eb4455",
    "/10.js": "fadcc77c140e17ae518502c3fd7a0d6a99eb61aa",
    "/11.js": "8827c225f1ebd292bcec2eade39e141119153575",
    "/12.js": "97b28be8cb26d6d21b9e2062acff7a3b3c474d0e",
    "/13.js": "e88b65ac79d42e7a96b1b7b3cd35613650395e79",
    "/14.js": "7b711a1a10d1550b5f9e9b4d0a204442448ca676",
    "/15.js": "3869d0aa9373b1251a3fc6cfc5a7e0316c75f63b",
    "/16.js": "deac08f1a04f1672257152721ed43f186236ba3b",
    "/17.js": "72179b7c076c5f60b8882662e231c36a99684ab5",
    "/18.js": "fb190f15dd7b02dda04e4f13b40a764ba3454d6b",
    "/19.js": "4481e80e9cb4fbc739fadbeb6894da6d5d7b6e8a",
    "/2.js": "7c66e44554014acb9ac6a17ba6c606b4039c33f0",
    "/20.js": "2e192a88c7d4c6c7a818978d6b1bd7ececed58ef",
    "/21.js": "d95157fe49da4ef217c64b1df118c3aca009720e",
    "/22.js": "e57df40121b23c31f07981b0815d80dea0f86e29",
    "/23.js": "4941047a820b35b52648a4714101b2652d8b8739",
    "/24.js": "38395979072d0b7bb156782543f55b322e7be8ec",
    "/25.js": "0ed67a5df323fddf065a0a0ec2ae84df4ac7ab31",
    "/26.js": "2a8a2a7e04b569a9002d5d493557b4add5264325",
    "/27.js": "d3ac42f101f6704b21c471f91aa4e1d02b3e71ec",
    "/28.js": "bd314deeb0a540c02696c12d5b3269481c049577",
    "/29.js": "be2829431d983d7c01fbd777d76b8cbce3420bc6",
    "/3.js": "7adcadb5f3e100e077d8f572a88d5a4ec85681a8",
    "/30.js": "9cc4f49b52369cdb0eda980f2d6a27963615b1de",
    "/31.js": "40972d7f3595ae68c5f056a8dea78e560cdb7c71",
    "/32.js": "15bb8eb30461eb85b92cc1b20fef202008d8db95",
    "/33.js": "bbafded167e060faabc9fb09f04eed98370146d9",
    "/34.js": "3e61fbf0f12d886f74a443d72906d9d91c098795",
    "/35.js": "2170598257f2048fc904a2709819e4fa8c461e41",
    "/36.js": "612c3af6943b3271cc6666637f703ee71385f952",
    "/37.js": "25940b118f373add21668e5690cc972996aacd13",
    "/38.js": "99b73e4242ec7c68bab73e07cf5fefcb028f5010",
    "/39.js": "4e5bd13ce88e3eb88f2857594ac040b53013c863",
    "/4.js": "acfa39325b24e50023453f8c608ae8b3d8d6aa89",
    "/40.js": "ac4b53fc7dcada81d6c835266702e242323460ee",
    "/41.js": "daeb1abb18d6bb308b16fbc502a291915ebdf5a8",
    "/42.js": "ea1e290d5a3ad062bcba2445ad7ef45db2ea808b",
    "/43.js": "8d14ef5c589c8d2a632a422e72a59567bed7d7c7",
    "/44.js": "3eb2b575703eb7c68b8012cd15f9f120bd64362b",
    "/45.js": "0b443c362b9ff076b1225a9cbf66f9e3b1965ade",
    "/46.js": "7b96977722e80c4fe33a0933d1361064ae23f1ac",
    "/47.js": "ee537e7e511c689cd52bdbde036cd6216bb9affd",
    "/5.js": "c8ec2ad6685cd6ebeac7a073c7718d82d8599188",
    "/6.js": "97c6458ec7f9c8812a10e493f74496a1e5392ce9",
    "/7.js": "c69a3cfd34e6d13f59a5e6c5e67125b5970e680c",
    "/8.js": "f3d9cd3e48b740c7aa99916febea50c1fe7adb92",
    "/9.js": "df4140f9d39df3118314d8f8f759806cadae4fbb",
    "/IRANSansWebFaNum.eot": "dfe800fd72fd348a5488031b6e701565ed1b8e64",
    "/IRANSansWebFaNum.ttf": "25d94c329766bc2fbe4a9a0e095cd8f85da33a6e",
    "/IRANSansWebFaNum.woff": "b029802d39b66550cb0582f81b3cc91be808ad27",
    "/IRANSansWebFaNum.woff2": "86437711b342274a5f43ba41870b38eb6205fb97",
    "/assets/Circle.png": "3cc77d67e6bf45eab499a50a906cd004da6b3003",
    "/assets/Fashion.png": "19cdb746f43e4f43926594af5b82a37c2a7d4f55",
    "/assets/Natural_rectangle.png": "9626557d3be54a98fed823728d41558fdca49b39",
    "/assets/Retractory.jpg": "fd0bbf4dda75af506c1f50b89ed0111accfdc421",
    "/assets/Smile.jpg": "6f2ad32ce1144adca25d495638fea5522f4d3a73",
    "/assets/account.png": "e39c653927b0f038227419ce7891deddf0a7b94d",
    "/assets/animation.svg": "7023f3fa57cc031282ecc758c7e6d67a055fb40d",
    "/assets/beaker.svg": "9a6d40efb7a748fa9f534d83ad8aab099ac8901a",
    "/assets/chckmark.svg": "3ddbfc2ac2d69b52a84f591b3b34b1f949bc0860",
    "/assets/circle/0.png": "806261f9eb9f9df768c5abe57114430ddb35e4d4",
    "/assets/circle/11.png": "84945238d20730f53ca408baec12ee165476a6bd",
    "/assets/circle/12.png": "11bd8246c6c24108efabf8fb2bfc32b3f4435c4f",
    "/assets/circle/13.png": "31668e8e3960672b564b892e30452101a973a599",
    "/assets/circle/14.png": "265977384ae472aef40500c1b5c7ba58d0a4a71c",
    "/assets/circle/15.png": "8e6e8a2325a44f432cffeb345025e65cad206b9d",
    "/assets/circle/21.png": "0fb32b24c7a6d3bc98a3ee30bb79e0f87f811eb0",
    "/assets/circle/22.png": "89687b4a97ca3edf449c12e73549c284930e2695",
    "/assets/circle/23.png": "f4032b7c1db6b51e1d6e4c9bca6004c7163e8931",
    "/assets/circle/24.png": "8faa0f0ffefd636bc97e2dec34f8b1644a49d282",
    "/assets/circle/25.png": "286530cdb187415da5c4419c5cb6733776bbfec5",
    "/assets/dental.svg": "344cf981e23a7073a0099290c01c5f23e9c2a520",
    "/assets/dr.jpg": "a057dc652406f2ade3541705d1d341b5076904cd",
    "/assets/fashionStyle/0.png": "de7c35eee9a0449c4000228e50d5b85b24c50c48",
    "/assets/fashionStyle/11.png": "8410eefeb32dc83bf110e2da490a67543d5b81fc",
    "/assets/fashionStyle/12.png": "789eef3243ba6b7ba6a9d1df5b87692f5a41b86f",
    "/assets/fashionStyle/13.png": "b83e6a8fafd4e2140a3eef140e8c9b0e625233bb",
    "/assets/fashionStyle/14.png": "7f3771b5894f0b5c6adbd1df93b28618752501d3",
    "/assets/fashionStyle/15.png": "0bc8253efe5d4537157589a2f649ad3bcd08c9f4",
    "/assets/fashionStyle/21.png": "6d6af2e0cc6d96b0b04f2fad2d97e5dd3b5fe375",
    "/assets/fashionStyle/22.png": "863cb230e409a032ccd00698797aaecbcab067b5",
    "/assets/fashionStyle/23.png": "ed771d682ac6f164732eb1c4acf130d6b571859c",
    "/assets/fashionStyle/24.png": "76ab657cf25b664a248a503e719c4fe2b10a4f34",
    "/assets/fashionStyle/25.png": "509a3331da88d0832cf2a2f60ab60240384f716e",
    "/assets/final back white-01.png": "7f6bd5542482d93e2ccdeb9bc3b4a98dda112d92",
    "/assets/fonts/IRANSansWebFaNum.eot": "dfe800fd72fd348a5488031b6e701565ed1b8e64",
    "/assets/fonts/IRANSansWebFaNum.ttf": "25d94c329766bc2fbe4a9a0e095cd8f85da33a6e",
    "/assets/fonts/IRANSansWebFaNum.woff": "b029802d39b66550cb0582f81b3cc91be808ad27",
    "/assets/fonts/IRANSansWebFaNum.woff2": "86437711b342274a5f43ba41870b38eb6205fb97",
    "/assets/fullTeeth/Layer 1.png": "5d5aa7561ce834757adb66afa02f920e57caabdf",
    "/assets/fullTeeth/Layer 10.png": "460e7da862ed6615baaf76d9193f12a4ee6da279",
    "/assets/fullTeeth/Layer 2.png": "b1abc3b55280d703e40f50e40cdfc8341ada8a73",
    "/assets/fullTeeth/Layer 3.png": "3d0c28a5c3c410cd7a68bf3f1895adee9d419eb2",
    "/assets/fullTeeth/Layer 4.png": "f5eae5dc550583b00352337d04a393e1f2241e4a",
    "/assets/fullTeeth/Layer 5.png": "c1582aecf290700f29d8d3f3e7c14569f6d8e807",
    "/assets/fullTeeth/Layer 6.png": "8b8590ec4bcbc45beb150bb0069a013bee344475",
    "/assets/fullTeeth/Layer 7.png": "b971e285b8d41d7148ee62dcd2aa8ba1c32b88f7",
    "/assets/fullTeeth/Layer 8.png": "c7ebae9d0917301a8bb86dd202b26d029ee492e3",
    "/assets/fullTeeth/Layer 9.png": "829dfae56bd1fdf22ceb3a350e0a6459fa3b106f",
    "/assets/gauge.svg": "8aa3424f73d2947469eda47690a4245126142666",
    "/assets/home-linear.svg": "b734ca4bb02e90fccec1ad92aa83e3521aa306c3",
    "/assets/hospital-patient.svg": "2726b674587cbec4a6744c5bc3dcced75c8b0ebc",
    "/assets/i18n/_ (1).json": "a844fa485b6f72ec0a6e83f32147da2bc4901b67",
    "/assets/i18n/en.json": "0162cd6782d11acfaa0f13b44a1bf00ede1df4ab",
    "/assets/i18n/fa.json": "84b1329861180b41d51b195380ade564d28ea541",
    "/assets/icon/favicon.png": "7f6bd5542482d93e2ccdeb9bc3b4a98dda112d92",
    "/assets/icons/icon-128x128.png": "911321de0475bc93916d35ff98720eecce999264",
    "/assets/icons/icon-144x144.png": "6163d6ba203fc7e68879616a2a712eb1895b0f05",
    "/assets/icons/icon-152x152.png": "cfe4451bbb9f79b209656d40fcbeae589e07d978",
    "/assets/icons/icon-192x192.png": "7002fc1fd54aa2d1a579d984d4aa9a7f3baf6024",
    "/assets/icons/icon-384x384.png": "d76c91650b75494bbc70bd61a1fd61dfc214089a",
    "/assets/icons/icon-512x512.png": "27732f4ebc01c5ed9d3b1f167eb3bc1c021318e8",
    "/assets/icons/icon-72x72.png": "8f9ff70ccbe865c7a633f6949f621af8bd18d89a",
    "/assets/icons/icon-96x96.png": "8986887a72ef95f4ce3c40121419581a2146b123",
    "/assets/image-000.jpg": "b02824eee522daae07ddea90c23f96306eb2b74b",
    "/assets/lab1.png": "1317f8e839dc1d6628b99f7a4aa6a03407307506",
    "/assets/lab2.jpg": "5c58bc0abd22af9d6147a995d68ae51964961295",
    "/assets/lnr-alarm.svg": "94fe5937ed0276ef212dcde41777d50039bad452",
    "/assets/lnr-book.svg": "aa9b21f2598e249309ac33a9decc25f1d53133a7",
    "/assets/lnr-bubble.svg": "dce76b138907aa8342affd2f1b511388a84ff5ce",
    "/assets/lnr-home.svg": "f32e9c734f085b665df7fc8389dd473a22be57af",
    "/assets/lnr-leaf.svg": "2fdbaab0b8d71cc40ca60d47b2a185d0176a171e",
    "/assets/lnr-question-circle.svg": "a441c87564ddcd9a417eac1c3256ebc88f27f2a4",
    "/assets/lnr-smile.svg": "e5978b6d874342b595feb3551445a03a2a141d74",
    "/assets/lnr-user.svg": "2f1ee48f0e6027fef0dd5e0786b30c23fc29094a",
    "/assets/lnr-users.svg": "f4c260bf3e3d4ddd3b12f8cf27ca2baed7972214",
    "/assets/mahyar.jpeg": "8059bbe13b329c81b3d58c60c0daefc3748db933",
    "/assets/mm.png": "88ddd4d7e069c8fa53c6a209497a90d4e6978156",
    "/assets/naturalRectangle/0.png": "4a11e42de8f1fa98f01bef30b98987a41a4095d4",
    "/assets/naturalRectangle/11.png": "b945295dc6719e67a00a63bf2fae0dba4be6ae94",
    "/assets/naturalRectangle/12.png": "9c31564bc080363670b0ba93ab48c185f4394011",
    "/assets/naturalRectangle/13.png": "2dd7ac0cfe6d1a1fcb26b047d04e77c309cc2dd5",
    "/assets/naturalRectangle/14.png": "a42c97bd4c83ff6b72273c44de083661e7d71d4e",
    "/assets/naturalRectangle/15.png": "4d6e4b8e54bc283fd1957ee39f3df6f1b0b6b6c0",
    "/assets/naturalRectangle/21.png": "02efa8cf3fea02b362d3cb196a4c413c1a11ab67",
    "/assets/naturalRectangle/22.png": "570048e9995256d32a40a72ab14fd3a26bf6ae6f",
    "/assets/naturalRectangle/23.png": "cf561954fc5e74b885590c8e941cb35660efbb62",
    "/assets/naturalRectangle/24.png": "bf5827511d06b91d72ec0f7e160be6e853879f61",
    "/assets/naturalRectangle/25.png": "2c986bd1bea1351014c5bdc3924bc0dad1b99176",
    "/assets/p2.jpg": "856c25335381b911114fdb091797e60a9a6561fc",
    "/assets/rectangle/0.png": "460e7da862ed6615baaf76d9193f12a4ee6da279",
    "/assets/rectangle/11.png": "f5eae5dc550583b00352337d04a393e1f2241e4a",
    "/assets/rectangle/12.png": "3d0c28a5c3c410cd7a68bf3f1895adee9d419eb2",
    "/assets/rectangle/13.png": "b1abc3b55280d703e40f50e40cdfc8341ada8a73",
    "/assets/rectangle/14.png": "5d5aa7561ce834757adb66afa02f920e57caabdf",
    "/assets/rectangle/21.png": "c1582aecf290700f29d8d3f3e7c14569f6d8e807",
    "/assets/rectangle/22.png": "8b8590ec4bcbc45beb150bb0069a013bee344475",
    "/assets/rectangle/23.png": "b971e285b8d41d7148ee62dcd2aa8ba1c32b88f7",
    "/assets/rectangle/24.png": "c7ebae9d0917301a8bb86dd202b26d029ee492e3",
    "/assets/rectangle/25.png": "829dfae56bd1fdf22ceb3a350e0a6459fa3b106f",
    "/assets/risos.jpg": "1ac253e92fa1f225fc502661f2aa68494130b31e",
    "/assets/scss/modules/_fonts.scss": "936a85b7464714839560963c3abb02f3dcde3921",
    "/assets/sevil.jpg": "424adbeae7eb7bed265ed11b6b732f95b2099ab2",
    "/assets/shapes.svg": "5413e95adabcb2cb639970051f55e0ddb64ace53",
    "/assets/smileDesign.jpg": "9b3df15dff14f0360e9b0dad4554b38f8e6f9fec",
    "/assets/splash.png": "8791a56bacfb9885708de08cab2ba88b1bd2c9be",
    "/assets/square.png": "87a679127672a44822e36d12e8a9e323ad6ff428",
    "/assets/square/0.png": "c0cfc3e2c093edc068eb0d941dce9d50577ea9b5",
    "/assets/square/11.png": "d673d449570bbfea66aee9276d7ea3c5fa236a04",
    "/assets/square/12.png": "d86a149adb1bacf3127ef7b4519db2924d833108",
    "/assets/square/13.png": "741983bade30e2796b8e31c240a2e4f8275d667a",
    "/assets/square/14.png": "d2a520cb2a099e06f66543a582112539aab5ff38",
    "/assets/square/15.png": "a43c822c8c61d99e6ffa8976e2031ca22df8daee",
    "/assets/square/21.png": "e8a65597945d37854c51bcc54d1d91340382419a",
    "/assets/square/22.png": "cda60b85fb448ef26106c72733cc731283a1ce99",
    "/assets/square/23.png": "da55ac92ddfa7f7369a79ceb1c396bfab7c4a577",
    "/assets/square/24.png": "a3c3ad501054119c7cd8b57d6d750a3715e07d86",
    "/assets/square/25.png": "421ce55f4b89d978921b2c48a08c5fd9ccfd4772",
    "/assets/ss.png": "b25711ffc1e111e6397f3522f19db762f093e857",
    "/assets/teeth copy.png": "a8323601ad0a2f6574b59de718514d0e077d2dd5",
    "/assets/teeth.png": "a8323601ad0a2f6574b59de718514d0e077d2dd5",
    "/assets/translate/file.json": "3fbf46558c14cca65ce3ada096162ba132d1ec0c",
    "/assets/tri.png": "a8323601ad0a2f6574b59de718514d0e077d2dd5",
    "/capturex-capturex-module.js": "c85272b5bb5d4e69c08ad284dc85349dfa5ade17",
    "/common.js": "29b76375125c235464ac9632a34135553c8c38d5",
    "/comparison-comparison-module.js": "13988467019b2d5edf070e152aeddca5462ca0a7",
    "/contact-lab-contact-lab-module.js": "0de9196bce7582a5ba15529463d735f65a1e176c",
    "/core-js-js.js": "c2a4480055ff154950b639eefc6fea6b21f11da0",
    "/create-order-create-order-module.js": "ef430e8afde90a4ab9b1d83bcd8bd628c3c97046",
    "/create-patient-create-patient-module.js": "589b456c605962075f724d494596264ee9df14c5",
    "/createlab-createlab-module.js": "334bbec749bcddfd41de00ad6ee2c67bedf8bab0",
    "/default~capturex-capturex-module~comparison-comparison-module~create-order-create-order-module~creat~e1ba7a73.js": "7955d5d3e2b1e27d1a51ed4836a34f7db8627b56",
    "/default~capturex-capturex-module~create-patient-create-patient-module~lab-c-lab-c-module~lab-orders-~5f0481f7.js": "aecd2c296283305324a5681a2159d382ffa12e87",
    "/default~capturex-capturex-module~lab-c-lab-c-module~lab-orders-lab-orders-module~labs-choose-labs-ch~7ea3dc9e.js": "353159cd2dd39261a8d8d978b45fa0a99255e6df",
    "/default~capturex-capturex-module~lab-c-lab-c-module~lab-orders-lab-orders-module~labs-choose-labs-ch~d17e10bb.js": "9ff7a35aefba374d39f2ba1f6ab194a9287e7aa8",
    "/default~create-patient-create-patient-module~gallery-gallery-module~p-detail-p-detail-module~profile~1e5d1939.js": "30146d06b392bf3c64c600eadd595f3f1a6e7fb4",
    "/default~main-main-module~profile-profile-module.js": "fdaf6162a266d27d855fe5fe7bff4ce172316f28",
    "/dom-js.js": "5524d7c208449b038cc831b4b6f12826c8e4a200",
    "/edit-edit-module.js": "1fcc8087f26d9cd0c26346723bdf4d6c73fe75d7",
    "/focus-visible-f4ad4f1a-js.js": "ddf69fb10f7a4c1915b9c127bc3ec132bf90165b",
    "/forget-pass-forget-pass-module.js": "eea36a610eef340269e1cb2f6b62f34dace565db",
    "/gallery-gallery-module.js": "3db45bea9dcc0556c4bc718e1739bcffcda93aaf",
    "/home-home-module.js": "b2c4d2835ec5d17d6c54cf4f320136b0f2e74d15",
    "/index.html": "233ac5106e8ad716d49b27705cd703d249f28866",
    "/input-shims-73f15161-js.js": "35bd88d53afa4b596b54e78d183f7949e90b3e0a",
    "/invoice-invoice-module.js": "df4159db0f575e71242e1828a425c678087c69eb",
    "/keyboard-5742b5da-js.js": "5f839e48431e2852432968b2df6cc715ffa48238",
    "/lab-c-lab-c-module.js": "c28b0b4b2f6be258c3e6b3b1c0d331c602377f16",
    "/lab-gallery-lab-gallery-module.js": "5ffc5bf704651d1d379e4da8a15ca9cbc7db134a",
    "/lab-orders-lab-orders-module.js": "92eb832ff8d78409688ff771de1b583a2dd53746",
    "/lab-profile-lab-profile-module.js": "975086d1e2d7d5624f7d4d73a6e2818c41b8853a",
    "/lab2.jpg": "5c58bc0abd22af9d6147a995d68ae51964961295",
    "/labs-choose-labs-choose-module.js": "1b224c09e3fb14ecdd7a333610cec6aa0f56938a",
    "/labs-labs-module.js": "bd80298fc0e07ef523cb9ba77ecfb01397952fe8",
    "/login-login-module.js": "7e4265b8e2b904cc2bb8ad3273da64e2f9b8e7e7",
    "/main-main-module.js": "4931e5d04331ddd3e35618a261bfbb1f75972fb2",
    "/main.js": "045502626abde21d15f5698f4d47dedf9bfb7272",
    "/manifest.webmanifest": "1340d10008d841dc8220782d69366d142fc32985",
    "/map-map-module.js": "6c54262a02bfe0c1dc817dbff56281b6eef65da3",
    "/notification-notification-module.js": "8bdc83d2134abc3e12a2deb5143cbf156e4268c8",
    "/order-detail-order-detail-module.js": "100dab5c5204747552d88332f798c77fd462bd69",
    "/orders-orders-module.js": "170cf3834e0f4e70d4de25e0625e881d63267906",
    "/p-detail-p-detail-module.js": "1b4c7d25c6d554e763ce6060575e9e6e1666e6ee",
    "/patients-patients-module.js": "4ac4f8fc823eda7c1387a53eb42dda486e2724ae",
    "/polyfills-core-js.js": "d6027d044c8353d8c1c149619432732d18b638f7",
    "/polyfills-css-shim.js": "86b10aeba37364d5df13504152415c70a84b7218",
    "/polyfills-dom.js": "ae40cacfc6012200667d61996997ad22e5b3719d",
    "/polyfills.js": "dcff976fd30ff6b8dc00b4f3e683c4bdc944c70d",
    "/process-process-module.js": "4bc72661cf8bd0b7680d41b9878912d517c8822f",
    "/profile-profile-module.js": "9d09bb53c63d6ad87d72f1c8e71f52892a97fc8b",
    "/reset-pass-reset-pass-module.js": "70022026d3f5bd9912b32c0ee47b3b04b7b8f00f",
    "/risos-risos-module.js": "39b2612b1a27c01b20823dffad98b6ef42a53946",
    "/runtime.js": "652fe191d56108d208414b2db2ec35da9a6dc582",
    "/shadow-css-a3f00b33-js.js": "2318c4bd5e3e003d137dd0b9995c432d7dedb8d3",
    "/shadow-css-d7d058ec-d59cb009-js.js": "1f31c97a92ef8c79991aa4c924c10684e0e4681e",
    "/signup-signup-module.js": "26370e4a04dc8034dac741638e32932f1b348741",
    "/smile-smile-module.js": "484cad5f9212cab0001d57b0cf72d56b71dc0eb3",
    "/status-tap-bdecfebf-js.js": "fbab4d068f0a58dc878a1ad7696272779ae05e61",
    "/stencil-polyfills-css-shim.js": "251fac3f4c357dedbae4c76cd5b7e04bf91bfccd",
    "/stencil-polyfills-dom.js": "123ffbf87396b656d56e3fcfaa5e592c9086496f",
    "/styles.css": "a97cbdb8e691c53d5abff7c0b95852b30f0d47d0",
    "/success-success-module.js": "8849cc4f2d17b580831ca6ba7a58f1ad5485c87a",
    "/swipe-back-fae97365-js.js": "f09e34c0729a759fd1f16d27907ab72cb37aa531",
    "/swiper-bundle-6c5e7804-js.js": "f70e88afb055642503e5ab13a1f7a51a4dd87cce",
    "/tabs-tabs-module.js": "51582687a4577b6c9e2bddc332b172e2f8c99d7f",
    "/tap-click-cc1ae2b2-js.js": "878c53182194e8c0e841f99fdb7d047194b674ac",
    "/tutorial-tutorial-module.js": "88cc6f5425d0ce6f13da471471e3aff544d0376c",
    "/vendor.js": "72eac265bb3629c43efe006771b7e99cb88230ca",
    "/verify-verify-module.js": "f9a6be6ff4770647f8204a3a837bb85484402778",
    "/web.js": "0bb27b0168832b353abb52e35150f7609d639800"
  },
  "navigationUrls": [
    {
      "positive": true,
      "regex": "^\\/.*$"
    },
    {
      "positive": false,
      "regex": "^\\/(?:.+\\/)?[^/]*\\.[^/]*$"
    },
    {
      "positive": false,
      "regex": "^\\/(?:.+\\/)?[^/]*__[^/]*$"
    },
    {
      "positive": false,
      "regex": "^\\/(?:.+\\/)?[^/]*__[^/]*\\/.*$"
    }
  ],
  "navigationRequestStrategy": "performance"
}