{
  "configVersion": 1,
  "timestamp": 1632131857971,
  "index": "/index.html",
  "assetGroups": [
    {
      "name": "app",
      "installMode": "prefetch",
      "updateMode": "prefetch",
      "cacheQueryOptions": {
        "ignoreVary": true
      },
      "urls": [
        "/1.4dba477c96537c817519.js",
        "/10.7f8187f110be8912beaa.js",
        "/100.077d5ae5f651f72f44d1.js",
        "/101.e0fa24ade83f898897a9.js",
        "/102.5b423f27e68e4f886626.js",
        "/103.35d166ccd2e2620509dc.js",
        "/104.d746a061e1b883a980ad.js",
        "/11.e07c964056fb6e37d94a.js",
        "/2.cf5bfd87e2ccf1c8f0c3.js",
        "/20.c81ed31db324d0a911ea.js",
        "/21.5c9215acacd172284584.js",
        "/22.70de2167e04b4a12676b.js",
        "/23.e9aa36268ed7e9339baa.js",
        "/24.cc7cb06fd5ce498a8fdc.js",
        "/25.eeb089f603e07e61f1a6.js",
        "/26.4cd5f86b546bed2865c4.js",
        "/27.57415679d20d8fbcb982.js",
        "/28.867ca8ee9e414538736d.js",
        "/29.e5c9e2b6005b8be23228.js",
        "/3.69142082a4ddf810735d.js",
        "/30.0bdaefa170eb858ccb22.js",
        "/31.319497c3ad18d3a5e2e9.js",
        "/32.804188329b508d660286.js",
        "/33.c64cc139308b2e18fb39.js",
        "/34.87c5ee5932bec17b40c9.js",
        "/35.007f4b5a07e5f7dbc9aa.js",
        "/36.ce9d4f09ce8ec26d4467.js",
        "/37.626ab816587bac1cc84d.js",
        "/38.a05714cb9d1ae6e29397.js",
        "/39.dbd18910318da39492f8.js",
        "/4.e9e8aaee8a7a537fd195.js",
        "/40.97dd7e2548fed354b72b.js",
        "/41.ef9b0003ad56e1ddfab0.js",
        "/42.04522b355924a58f38f3.js",
        "/43.eea303e7ff63a190f934.js",
        "/44.f11d020ccbedc115dcb7.js",
        "/45.8ee06978970c78bcdd25.js",
        "/46.119ed6f73b3ef043b520.js",
        "/47.921c8b4e7c3eefc64db8.js",
        "/48.d82cb158f1e61071c205.js",
        "/49.c6e9353b88081454a979.js",
        "/50.7bf8586285ade422e285.js",
        "/51.5f9d29dda28eac344d76.js",
        "/52.cfbe31f4b4b76981160e.js",
        "/53.d7acf0986e389bad5538.js",
        "/54.091bb6f1dc175ea4bd05.js",
        "/55.d2b376ec9cfb5c7c3146.js",
        "/56.dc7e7b5b207c5292e665.js",
        "/57.9d8115e9e285dfd39ea0.js",
        "/58.f088fa53e3d2a0d788be.js",
        "/59.d1b2f25171b8db74d6cf.js",
        "/6.e02d34dfc74fdc70971f.js",
        "/60.144f54b7753723a6aca1.js",
        "/61.407390698cf5d83dadd7.js",
        "/62.4f1556365069ebafbab1.js",
        "/63.0ede532e06f2413e5673.js",
        "/64.07f866a8768de5819333.js",
        "/65.5d1f9d6c865d500e7d48.js",
        "/66.112c2fe227d64d351c04.js",
        "/67.548633a3308b8a2d89ba.js",
        "/68.c9ddf761cb585fc16137.js",
        "/69.81a19f49f30fd9472397.js",
        "/7.e30b4787d128ae433bb6.js",
        "/70.d1e3c28e314220d68c27.js",
        "/71.b832b5f9cc7d4b3750e1.js",
        "/72.35f9d8484b521075d635.js",
        "/73.a6d06c6a86155a76e24c.js",
        "/74.a92eeabfc88a0c2960e4.js",
        "/75.fec538ecfcbff1b3c378.js",
        "/76.e3ba483cf178df64f54a.js",
        "/77.d774eb208997a44fa2b2.js",
        "/78.4f30f1f1432743883013.js",
        "/79.0a855d67cc64558cedd5.js",
        "/8.e6e353082cc14582ea46.js",
        "/80.1908be46b2595c8914e0.js",
        "/81.379cad417d40e779101f.js",
        "/82.b306a0de658bd6d4c417.js",
        "/83.356407ecbce2381cbc8b.js",
        "/84.37caec4c5fa4a422bbd2.js",
        "/85.50225b6eff5d72c5a708.js",
        "/86.62fc8dbe8f655046f6e9.js",
        "/87.f3882a39f0e64ea5b67a.js",
        "/88.d7ce3e28d41fb6418751.js",
        "/89.14808e2eccd7867b2af0.js",
        "/9.5c760d4a0185a2564d2f.js",
        "/90.02cfbd7230b046bee0a9.js",
        "/91.77bbffab31d645790a07.js",
        "/92.793db3270a0f89a3eed7.js",
        "/93.4f1624c581ca811e924c.js",
        "/94.c551bab868f9598344bd.js",
        "/95.32d1dda44511aae0803b.js",
        "/96.ab08643f123590ce7c86.js",
        "/97.7788bf8afb996f6b4db4.js",
        "/98.1cfe491aaac8bb9ee5a8.js",
        "/99.2878856fe419bef68173.js",
        "/common.6d45c4a1a19748253c8b.js",
        "/index.html",
        "/main.adcdade503d332f7e4eb.js",
        "/manifest.webmanifest",
        "/polyfills-core-js.e6f2f20bdc054377bbf8.js",
        "/polyfills-css-shim.b8a7f4d39b429725a8bb.js",
        "/polyfills-dom.79ad36a589adfcecb77b.js",
        "/polyfills.8df1a1eb3442c85f7151.js",
        "/runtime.49060526e7db289a2e0c.js",
        "/stencil-polyfills-css-shim.e2cce5e624ca17132b36.js",
        "/stencil-polyfills-dom.94999865e6e0d3b962ba.js",
        "/styles.01fe1907a2820afddea3.css"
      ],
      "patterns": []
    },
    {
      "name": "assets",
      "installMode": "lazy",
      "updateMode": "prefetch",
      "cacheQueryOptions": {
        "ignoreVary": true
      },
      "urls": [
        "/IRANSansWebFaNum.1a6f8943e894fa4f861a.eot",
        "/IRANSansWebFaNum.337881a1246d3b51b420.woff",
        "/IRANSansWebFaNum.732cabbff87f779b74d3.ttf",
        "/IRANSansWebFaNum.8d649f69659e092cd2f9.woff2",
        "/assets/Circle.png",
        "/assets/Fashion.png",
        "/assets/Natural_rectangle.png",
        "/assets/Retractory.jpg",
        "/assets/Smile.jpg",
        "/assets/account.png",
        "/assets/animation.svg",
        "/assets/beaker.svg",
        "/assets/chckmark.svg",
        "/assets/circle/0.png",
        "/assets/circle/11.png",
        "/assets/circle/12.png",
        "/assets/circle/13.png",
        "/assets/circle/14.png",
        "/assets/circle/15.png",
        "/assets/circle/21.png",
        "/assets/circle/22.png",
        "/assets/circle/23.png",
        "/assets/circle/24.png",
        "/assets/circle/25.png",
        "/assets/dental.svg",
        "/assets/dr.jpg",
        "/assets/fashionStyle/0.png",
        "/assets/fashionStyle/11.png",
        "/assets/fashionStyle/12.png",
        "/assets/fashionStyle/13.png",
        "/assets/fashionStyle/14.png",
        "/assets/fashionStyle/15.png",
        "/assets/fashionStyle/21.png",
        "/assets/fashionStyle/22.png",
        "/assets/fashionStyle/23.png",
        "/assets/fashionStyle/24.png",
        "/assets/fashionStyle/25.png",
        "/assets/final back white-01.png",
        "/assets/fonts/IRANSansWebFaNum.eot",
        "/assets/fonts/IRANSansWebFaNum.ttf",
        "/assets/fonts/IRANSansWebFaNum.woff",
        "/assets/fonts/IRANSansWebFaNum.woff2",
        "/assets/fullTeeth/Layer 1.png",
        "/assets/fullTeeth/Layer 10.png",
        "/assets/fullTeeth/Layer 2.png",
        "/assets/fullTeeth/Layer 3.png",
        "/assets/fullTeeth/Layer 4.png",
        "/assets/fullTeeth/Layer 5.png",
        "/assets/fullTeeth/Layer 6.png",
        "/assets/fullTeeth/Layer 7.png",
        "/assets/fullTeeth/Layer 8.png",
        "/assets/fullTeeth/Layer 9.png",
        "/assets/gauge.svg",
        "/assets/home-linear.svg",
        "/assets/hospital-patient.svg",
        "/assets/i18n/_ (1).json",
        "/assets/i18n/en.json",
        "/assets/i18n/fa.json",
        "/assets/icon/favicon.png",
        "/assets/icons/icon-128x128.png",
        "/assets/icons/icon-144x144.png",
        "/assets/icons/icon-152x152.png",
        "/assets/icons/icon-192x192.png",
        "/assets/icons/icon-384x384.png",
        "/assets/icons/icon-512x512.png",
        "/assets/icons/icon-72x72.png",
        "/assets/icons/icon-96x96.png",
        "/assets/image-000.jpg",
        "/assets/lab1.png",
        "/assets/lab2.jpg",
        "/assets/lnr-alarm.svg",
        "/assets/lnr-book.svg",
        "/assets/lnr-bubble.svg",
        "/assets/lnr-home.svg",
        "/assets/lnr-leaf.svg",
        "/assets/lnr-question-circle.svg",
        "/assets/lnr-smile.svg",
        "/assets/lnr-user.svg",
        "/assets/lnr-users.svg",
        "/assets/mahyar.jpeg",
        "/assets/mm.png",
        "/assets/naturalRectangle/0.png",
        "/assets/naturalRectangle/11.png",
        "/assets/naturalRectangle/12.png",
        "/assets/naturalRectangle/13.png",
        "/assets/naturalRectangle/14.png",
        "/assets/naturalRectangle/15.png",
        "/assets/naturalRectangle/21.png",
        "/assets/naturalRectangle/22.png",
        "/assets/naturalRectangle/23.png",
        "/assets/naturalRectangle/24.png",
        "/assets/naturalRectangle/25.png",
        "/assets/p2.jpg",
        "/assets/rectangle/0.png",
        "/assets/rectangle/11.png",
        "/assets/rectangle/12.png",
        "/assets/rectangle/13.png",
        "/assets/rectangle/14.png",
        "/assets/rectangle/21.png",
        "/assets/rectangle/22.png",
        "/assets/rectangle/23.png",
        "/assets/rectangle/24.png",
        "/assets/rectangle/25.png",
        "/assets/risos.jpg",
        "/assets/scss/modules/_fonts.scss",
        "/assets/sevil.jpg",
        "/assets/shapes.svg",
        "/assets/smileDesign.jpg",
        "/assets/splash.png",
        "/assets/square.png",
        "/assets/square/0.png",
        "/assets/square/11.png",
        "/assets/square/12.png",
        "/assets/square/13.png",
        "/assets/square/14.png",
        "/assets/square/15.png",
        "/assets/square/21.png",
        "/assets/square/22.png",
        "/assets/square/23.png",
        "/assets/square/24.png",
        "/assets/square/25.png",
        "/assets/ss.png",
        "/assets/teeth copy.png",
        "/assets/teeth.png",
        "/assets/translate/file.json",
        "/assets/tri.png",
        "/lab2.1f5d7ef17dfa2ed42b11.jpg"
      ],
      "patterns": []
    }
  ],
  "dataGroups": [],
  "hashTable": {
    "/1.4dba477c96537c817519.js": "e57e1ea0a798053fd3e02318105d13f428bd63f4",
    "/10.7f8187f110be8912beaa.js": "b4289d71d7a4db5b5a55dfd6dce9ffe8b3d5b5f3",
    "/100.077d5ae5f651f72f44d1.js": "9dad05ce9e134ce9a380faf469bc56c28e954cdd",
    "/101.e0fa24ade83f898897a9.js": "10dccca56865dde274875c74c94916f81526ba53",
    "/102.5b423f27e68e4f886626.js": "ad05ba2400cf367c9f571621461292d00aa2ca1d",
    "/103.35d166ccd2e2620509dc.js": "ea370c2d9c262e4b09a8c394db9cf69b051adba3",
    "/104.d746a061e1b883a980ad.js": "50f2cd216ba66ef3727e320ccbe17949eb77b975",
    "/11.e07c964056fb6e37d94a.js": "04ca7ac6959e4ad85bfd55eefe146bee9197e4b1",
    "/2.cf5bfd87e2ccf1c8f0c3.js": "7d6404c7521a432177aa7c1cd495e41f2c0f7d15",
    "/20.c81ed31db324d0a911ea.js": "a2bb087dfab24a20f5799d2a6181fa8293d9b7de",
    "/21.5c9215acacd172284584.js": "6b3748b2fd8b6383278ae1d7c3e8baf3ea0f721a",
    "/22.70de2167e04b4a12676b.js": "e2014d856bba887f50002ec4d219800babc10e0e",
    "/23.e9aa36268ed7e9339baa.js": "a240a32dc9e9ce3f7e70686d47b74b06d9c7ec57",
    "/24.cc7cb06fd5ce498a8fdc.js": "41e082291105ec3a499758097ec7700a8d5ef0fb",
    "/25.eeb089f603e07e61f1a6.js": "d4d56a179c1562b0c47cad8172622b3a6d3d118d",
    "/26.4cd5f86b546bed2865c4.js": "fa672c8d83dc8bca3aaac52ef2358ffa8399c266",
    "/27.57415679d20d8fbcb982.js": "1e2d48b74c342b616de2131f4d45ce246c97a8fb",
    "/28.867ca8ee9e414538736d.js": "14b25fa900ec3947ee77805aff9be073d1772dd4",
    "/29.e5c9e2b6005b8be23228.js": "33179b5f8ec71f600d038437a8fc316f69dac721",
    "/3.69142082a4ddf810735d.js": "ae0adb0235a832ee32b40ab6d9f4d0c0d254311e",
    "/30.0bdaefa170eb858ccb22.js": "0f812548d35593fc0cbc60da25395a6f32de2886",
    "/31.319497c3ad18d3a5e2e9.js": "58917d395ea7ba6bded8640f0c22c48f6050ff73",
    "/32.804188329b508d660286.js": "11683e51fbfa579a1656e39e770960c310cf78aa",
    "/33.c64cc139308b2e18fb39.js": "ae0dfc2c99bf524011dceac2c4cae775d1c474dd",
    "/34.87c5ee5932bec17b40c9.js": "c767af27ce68db8ce45772d949c4a40a5db50f70",
    "/35.007f4b5a07e5f7dbc9aa.js": "a64206226e511294f2650ee12a7b8288f71fe7eb",
    "/36.ce9d4f09ce8ec26d4467.js": "42c282a99a6d01696322d16298e031c99111fdd4",
    "/37.626ab816587bac1cc84d.js": "c472cc9b9f08829e25bf7d7819c27f8416e8a4cc",
    "/38.a05714cb9d1ae6e29397.js": "6bd4c5b2f89a90f97c82a8656f57613e0c52f0e3",
    "/39.dbd18910318da39492f8.js": "57133c6fc400ab932697e340d217da3517b6acbb",
    "/4.e9e8aaee8a7a537fd195.js": "ad833747c0ae3a063b5064083a78be985ca3114f",
    "/40.97dd7e2548fed354b72b.js": "4e75754ace20e888010d7964e51a7fca4d1be794",
    "/41.ef9b0003ad56e1ddfab0.js": "16621455d10c61fc8b5522556a8e6fa124804a63",
    "/42.04522b355924a58f38f3.js": "319158040734955cfc8ba7eeb4b4e70c7be92f6d",
    "/43.eea303e7ff63a190f934.js": "993bf95f36a2f6d7bac22e332202ade7265eeda5",
    "/44.f11d020ccbedc115dcb7.js": "34f9496374a791a1a8cc1ddd7d1a9c9b47a49a71",
    "/45.8ee06978970c78bcdd25.js": "d020c320919e1ff2234f72db4abe451b6cd27a89",
    "/46.119ed6f73b3ef043b520.js": "761bfdd0463c0ab78430f5a2bf3d89f12e4dda3f",
    "/47.921c8b4e7c3eefc64db8.js": "fdd7d8dec3a5bf6005a83c915de717f22dabc8f0",
    "/48.d82cb158f1e61071c205.js": "2110ec269f28ecc433cea1bdf981e2be0d4db55a",
    "/49.c6e9353b88081454a979.js": "ee26146889d1cd07852ce0739e43d3fe2f55750c",
    "/50.7bf8586285ade422e285.js": "eff80dc0ebe51ae98a190b0cc933f55d8cd59701",
    "/51.5f9d29dda28eac344d76.js": "c612fa0efd09783186299be37defcb997dbe8e97",
    "/52.cfbe31f4b4b76981160e.js": "6d7ec1ea2418c412b3a07e775d82d7b3fa616281",
    "/53.d7acf0986e389bad5538.js": "ea1df23977cfaafb44cbddb4c45f6d413198164a",
    "/54.091bb6f1dc175ea4bd05.js": "bc6c7a296fa125d2175dd5c0b307e5c2b9f1e82f",
    "/55.d2b376ec9cfb5c7c3146.js": "4cc1c06b194aec379e56b78259f8727fb40466b6",
    "/56.dc7e7b5b207c5292e665.js": "adf76970dbcf1db77e3989259a0adc04b58e760d",
    "/57.9d8115e9e285dfd39ea0.js": "88a5225cc382f34992b94b7a795532a142e8fab4",
    "/58.f088fa53e3d2a0d788be.js": "3fc518ebf75a3c04b72403b6f118a56ec631f1a4",
    "/59.d1b2f25171b8db74d6cf.js": "1a1743acc9fd138c6a26797594ab03ebc54b4bbb",
    "/6.e02d34dfc74fdc70971f.js": "4250494474d7d87753e15baf58799618b60be44e",
    "/60.144f54b7753723a6aca1.js": "2c7d76374d732f40c36cf9673cd43198cb5653a4",
    "/61.407390698cf5d83dadd7.js": "eb9a06e65c2a72b92b13bb948284f8b8af92f552",
    "/62.4f1556365069ebafbab1.js": "6b9295b928a58934bae44b37039579cade3a11d9",
    "/63.0ede532e06f2413e5673.js": "34cc58de4143851a145433f1291d53d21c7ef8b8",
    "/64.07f866a8768de5819333.js": "476d1cd7f406d22d1cb395b5552f3befa59e15c7",
    "/65.5d1f9d6c865d500e7d48.js": "bd2300fec50c43549ee90607da43821f0261a207",
    "/66.112c2fe227d64d351c04.js": "32e3eef701020a533fba30e81774d5a290e3d5c8",
    "/67.548633a3308b8a2d89ba.js": "617240cd9825ce44992a134717838da086801ace",
    "/68.c9ddf761cb585fc16137.js": "835357a8f82be60205ada6608dbbc8cf7b444fec",
    "/69.81a19f49f30fd9472397.js": "ba0a8661404c1fc34264a9af74ee8df099ca3ca9",
    "/7.e30b4787d128ae433bb6.js": "463f1c00b09635f0face1699a1e6940b10cc36dc",
    "/70.d1e3c28e314220d68c27.js": "58097cbfa404dc4f224f3974de773f4aae98d819",
    "/71.b832b5f9cc7d4b3750e1.js": "8811b96e490d6684b8af345499035ac4f5950189",
    "/72.35f9d8484b521075d635.js": "90a589b5b36cd3eb62607eb3c3b8763f2e8231ad",
    "/73.a6d06c6a86155a76e24c.js": "b8449ddc272fc6699e7cf77049ac43a0912c59bf",
    "/74.a92eeabfc88a0c2960e4.js": "1397c98e55f18e04165c1d666c8b7e5c6f345380",
    "/75.fec538ecfcbff1b3c378.js": "d4ce0b7b380cfe77ab029158e5a9c9ba2fdd1d5f",
    "/76.e3ba483cf178df64f54a.js": "0165ba04d4ae30410c5f6ac071f7f9e74b2e697a",
    "/77.d774eb208997a44fa2b2.js": "2c3bed94ada7d53dc670a913bd0c9d5ae0798291",
    "/78.4f30f1f1432743883013.js": "a76c7bd2cfe49d3a47cd5b6fe756c2c1b806f12b",
    "/79.0a855d67cc64558cedd5.js": "c38d9bddb026197e81dbf3ed9511cd3f3cd9b7dd",
    "/8.e6e353082cc14582ea46.js": "067876f98c0b1069d6598aaa58bd2e4edfbc1d1d",
    "/80.1908be46b2595c8914e0.js": "ab20a37b79b6a85c9d5f93cc4b317020ad71713e",
    "/81.379cad417d40e779101f.js": "18bcdaef3baf73e2b7acecdc1dc813a7ebb3cbc0",
    "/82.b306a0de658bd6d4c417.js": "b983fc6e353468167da500804de78a83b72b6dcb",
    "/83.356407ecbce2381cbc8b.js": "bdc37b2e90675697062d57f81727078433d01a70",
    "/84.37caec4c5fa4a422bbd2.js": "5b739a2869dd7ffb97a02c43b8956166c2291bef",
    "/85.50225b6eff5d72c5a708.js": "e2a0d1fba7f135437ef913e605321036cc3feec0",
    "/86.62fc8dbe8f655046f6e9.js": "b220c941352f1d536a5e33ccf22dcf1c7b99f247",
    "/87.f3882a39f0e64ea5b67a.js": "9a495f469652c42e07fbd506381ed5a6892fc530",
    "/88.d7ce3e28d41fb6418751.js": "e617171a0bdf426375b5c2be511378303f60abc5",
    "/89.14808e2eccd7867b2af0.js": "a5e400f77d66b6d3f65bb9c9bee713e3c843b3c0",
    "/9.5c760d4a0185a2564d2f.js": "3b4b63b271ba05f387d9e2272ce0f2622ee4bffc",
    "/90.02cfbd7230b046bee0a9.js": "3c5064279a291151ece1c856820d2a8e2fef292a",
    "/91.77bbffab31d645790a07.js": "a63631abe5f69bfb5a4e3c34a4e5f951032695fd",
    "/92.793db3270a0f89a3eed7.js": "bf1d7801a343a9c7686973c7f710f6ed66b161eb",
    "/93.4f1624c581ca811e924c.js": "67f338d95c8db3e5af90078e0a03e49763f04892",
    "/94.c551bab868f9598344bd.js": "31b598b80019a1f7d7dd6612db7dd4202c56a23b",
    "/95.32d1dda44511aae0803b.js": "9189af063b02d6eb6cc55981f751bc449c00fc11",
    "/96.ab08643f123590ce7c86.js": "dd484ea63a34fbcbb35b5b2c4e4515aed87b508f",
    "/97.7788bf8afb996f6b4db4.js": "5979dd4c9c1d7df47ac6e8b21ece1b9b70d0520c",
    "/98.1cfe491aaac8bb9ee5a8.js": "5743e17f905c8461251c985ca0b2e4309ab0a3b5",
    "/99.2878856fe419bef68173.js": "926dbf72b7a4ff00ff409d2819b5708327b1aa36",
    "/IRANSansWebFaNum.1a6f8943e894fa4f861a.eot": "dfe800fd72fd348a5488031b6e701565ed1b8e64",
    "/IRANSansWebFaNum.337881a1246d3b51b420.woff": "b029802d39b66550cb0582f81b3cc91be808ad27",
    "/IRANSansWebFaNum.732cabbff87f779b74d3.ttf": "25d94c329766bc2fbe4a9a0e095cd8f85da33a6e",
    "/IRANSansWebFaNum.8d649f69659e092cd2f9.woff2": "86437711b342274a5f43ba41870b38eb6205fb97",
    "/assets/Circle.png": "3cc77d67e6bf45eab499a50a906cd004da6b3003",
    "/assets/Fashion.png": "19cdb746f43e4f43926594af5b82a37c2a7d4f55",
    "/assets/Natural_rectangle.png": "9626557d3be54a98fed823728d41558fdca49b39",
    "/assets/Retractory.jpg": "fd0bbf4dda75af506c1f50b89ed0111accfdc421",
    "/assets/Smile.jpg": "6f2ad32ce1144adca25d495638fea5522f4d3a73",
    "/assets/account.png": "e39c653927b0f038227419ce7891deddf0a7b94d",
    "/assets/animation.svg": "7023f3fa57cc031282ecc758c7e6d67a055fb40d",
    "/assets/beaker.svg": "9a6d40efb7a748fa9f534d83ad8aab099ac8901a",
    "/assets/chckmark.svg": "3ddbfc2ac2d69b52a84f591b3b34b1f949bc0860",
    "/assets/circle/0.png": "806261f9eb9f9df768c5abe57114430ddb35e4d4",
    "/assets/circle/11.png": "84945238d20730f53ca408baec12ee165476a6bd",
    "/assets/circle/12.png": "11bd8246c6c24108efabf8fb2bfc32b3f4435c4f",
    "/assets/circle/13.png": "31668e8e3960672b564b892e30452101a973a599",
    "/assets/circle/14.png": "265977384ae472aef40500c1b5c7ba58d0a4a71c",
    "/assets/circle/15.png": "8e6e8a2325a44f432cffeb345025e65cad206b9d",
    "/assets/circle/21.png": "0fb32b24c7a6d3bc98a3ee30bb79e0f87f811eb0",
    "/assets/circle/22.png": "89687b4a97ca3edf449c12e73549c284930e2695",
    "/assets/circle/23.png": "f4032b7c1db6b51e1d6e4c9bca6004c7163e8931",
    "/assets/circle/24.png": "8faa0f0ffefd636bc97e2dec34f8b1644a49d282",
    "/assets/circle/25.png": "286530cdb187415da5c4419c5cb6733776bbfec5",
    "/assets/dental.svg": "344cf981e23a7073a0099290c01c5f23e9c2a520",
    "/assets/dr.jpg": "a057dc652406f2ade3541705d1d341b5076904cd",
    "/assets/fashionStyle/0.png": "de7c35eee9a0449c4000228e50d5b85b24c50c48",
    "/assets/fashionStyle/11.png": "8410eefeb32dc83bf110e2da490a67543d5b81fc",
    "/assets/fashionStyle/12.png": "789eef3243ba6b7ba6a9d1df5b87692f5a41b86f",
    "/assets/fashionStyle/13.png": "b83e6a8fafd4e2140a3eef140e8c9b0e625233bb",
    "/assets/fashionStyle/14.png": "7f3771b5894f0b5c6adbd1df93b28618752501d3",
    "/assets/fashionStyle/15.png": "0bc8253efe5d4537157589a2f649ad3bcd08c9f4",
    "/assets/fashionStyle/21.png": "6d6af2e0cc6d96b0b04f2fad2d97e5dd3b5fe375",
    "/assets/fashionStyle/22.png": "863cb230e409a032ccd00698797aaecbcab067b5",
    "/assets/fashionStyle/23.png": "ed771d682ac6f164732eb1c4acf130d6b571859c",
    "/assets/fashionStyle/24.png": "76ab657cf25b664a248a503e719c4fe2b10a4f34",
    "/assets/fashionStyle/25.png": "509a3331da88d0832cf2a2f60ab60240384f716e",
    "/assets/final back white-01.png": "7f6bd5542482d93e2ccdeb9bc3b4a98dda112d92",
    "/assets/fonts/IRANSansWebFaNum.eot": "dfe800fd72fd348a5488031b6e701565ed1b8e64",
    "/assets/fonts/IRANSansWebFaNum.ttf": "25d94c329766bc2fbe4a9a0e095cd8f85da33a6e",
    "/assets/fonts/IRANSansWebFaNum.woff": "b029802d39b66550cb0582f81b3cc91be808ad27",
    "/assets/fonts/IRANSansWebFaNum.woff2": "86437711b342274a5f43ba41870b38eb6205fb97",
    "/assets/fullTeeth/Layer 1.png": "5d5aa7561ce834757adb66afa02f920e57caabdf",
    "/assets/fullTeeth/Layer 10.png": "460e7da862ed6615baaf76d9193f12a4ee6da279",
    "/assets/fullTeeth/Layer 2.png": "b1abc3b55280d703e40f50e40cdfc8341ada8a73",
    "/assets/fullTeeth/Layer 3.png": "3d0c28a5c3c410cd7a68bf3f1895adee9d419eb2",
    "/assets/fullTeeth/Layer 4.png": "f5eae5dc550583b00352337d04a393e1f2241e4a",
    "/assets/fullTeeth/Layer 5.png": "c1582aecf290700f29d8d3f3e7c14569f6d8e807",
    "/assets/fullTeeth/Layer 6.png": "8b8590ec4bcbc45beb150bb0069a013bee344475",
    "/assets/fullTeeth/Layer 7.png": "b971e285b8d41d7148ee62dcd2aa8ba1c32b88f7",
    "/assets/fullTeeth/Layer 8.png": "c7ebae9d0917301a8bb86dd202b26d029ee492e3",
    "/assets/fullTeeth/Layer 9.png": "829dfae56bd1fdf22ceb3a350e0a6459fa3b106f",
    "/assets/gauge.svg": "8aa3424f73d2947469eda47690a4245126142666",
    "/assets/home-linear.svg": "b734ca4bb02e90fccec1ad92aa83e3521aa306c3",
    "/assets/hospital-patient.svg": "2726b674587cbec4a6744c5bc3dcced75c8b0ebc",
    "/assets/i18n/_ (1).json": "a844fa485b6f72ec0a6e83f32147da2bc4901b67",
    "/assets/i18n/en.json": "0162cd6782d11acfaa0f13b44a1bf00ede1df4ab",
    "/assets/i18n/fa.json": "f19aa5372fe4e8c11e6ff45bfb952d2c2bec6f70",
    "/assets/icon/favicon.png": "7f6bd5542482d93e2ccdeb9bc3b4a98dda112d92",
    "/assets/icons/icon-128x128.png": "911321de0475bc93916d35ff98720eecce999264",
    "/assets/icons/icon-144x144.png": "6163d6ba203fc7e68879616a2a712eb1895b0f05",
    "/assets/icons/icon-152x152.png": "cfe4451bbb9f79b209656d40fcbeae589e07d978",
    "/assets/icons/icon-192x192.png": "7002fc1fd54aa2d1a579d984d4aa9a7f3baf6024",
    "/assets/icons/icon-384x384.png": "d76c91650b75494bbc70bd61a1fd61dfc214089a",
    "/assets/icons/icon-512x512.png": "27732f4ebc01c5ed9d3b1f167eb3bc1c021318e8",
    "/assets/icons/icon-72x72.png": "8f9ff70ccbe865c7a633f6949f621af8bd18d89a",
    "/assets/icons/icon-96x96.png": "8986887a72ef95f4ce3c40121419581a2146b123",
    "/assets/image-000.jpg": "b02824eee522daae07ddea90c23f96306eb2b74b",
    "/assets/lab1.png": "1317f8e839dc1d6628b99f7a4aa6a03407307506",
    "/assets/lab2.jpg": "5c58bc0abd22af9d6147a995d68ae51964961295",
    "/assets/lnr-alarm.svg": "94fe5937ed0276ef212dcde41777d50039bad452",
    "/assets/lnr-book.svg": "aa9b21f2598e249309ac33a9decc25f1d53133a7",
    "/assets/lnr-bubble.svg": "dce76b138907aa8342affd2f1b511388a84ff5ce",
    "/assets/lnr-home.svg": "f32e9c734f085b665df7fc8389dd473a22be57af",
    "/assets/lnr-leaf.svg": "2fdbaab0b8d71cc40ca60d47b2a185d0176a171e",
    "/assets/lnr-question-circle.svg": "a441c87564ddcd9a417eac1c3256ebc88f27f2a4",
    "/assets/lnr-smile.svg": "e5978b6d874342b595feb3551445a03a2a141d74",
    "/assets/lnr-user.svg": "2f1ee48f0e6027fef0dd5e0786b30c23fc29094a",
    "/assets/lnr-users.svg": "f4c260bf3e3d4ddd3b12f8cf27ca2baed7972214",
    "/assets/mahyar.jpeg": "8059bbe13b329c81b3d58c60c0daefc3748db933",
    "/assets/mm.png": "88ddd4d7e069c8fa53c6a209497a90d4e6978156",
    "/assets/naturalRectangle/0.png": "4a11e42de8f1fa98f01bef30b98987a41a4095d4",
    "/assets/naturalRectangle/11.png": "b945295dc6719e67a00a63bf2fae0dba4be6ae94",
    "/assets/naturalRectangle/12.png": "9c31564bc080363670b0ba93ab48c185f4394011",
    "/assets/naturalRectangle/13.png": "2dd7ac0cfe6d1a1fcb26b047d04e77c309cc2dd5",
    "/assets/naturalRectangle/14.png": "a42c97bd4c83ff6b72273c44de083661e7d71d4e",
    "/assets/naturalRectangle/15.png": "4d6e4b8e54bc283fd1957ee39f3df6f1b0b6b6c0",
    "/assets/naturalRectangle/21.png": "02efa8cf3fea02b362d3cb196a4c413c1a11ab67",
    "/assets/naturalRectangle/22.png": "570048e9995256d32a40a72ab14fd3a26bf6ae6f",
    "/assets/naturalRectangle/23.png": "cf561954fc5e74b885590c8e941cb35660efbb62",
    "/assets/naturalRectangle/24.png": "bf5827511d06b91d72ec0f7e160be6e853879f61",
    "/assets/naturalRectangle/25.png": "2c986bd1bea1351014c5bdc3924bc0dad1b99176",
    "/assets/p2.jpg": "856c25335381b911114fdb091797e60a9a6561fc",
    "/assets/rectangle/0.png": "460e7da862ed6615baaf76d9193f12a4ee6da279",
    "/assets/rectangle/11.png": "f5eae5dc550583b00352337d04a393e1f2241e4a",
    "/assets/rectangle/12.png": "3d0c28a5c3c410cd7a68bf3f1895adee9d419eb2",
    "/assets/rectangle/13.png": "b1abc3b55280d703e40f50e40cdfc8341ada8a73",
    "/assets/rectangle/14.png": "5d5aa7561ce834757adb66afa02f920e57caabdf",
    "/assets/rectangle/21.png": "c1582aecf290700f29d8d3f3e7c14569f6d8e807",
    "/assets/rectangle/22.png": "8b8590ec4bcbc45beb150bb0069a013bee344475",
    "/assets/rectangle/23.png": "b971e285b8d41d7148ee62dcd2aa8ba1c32b88f7",
    "/assets/rectangle/24.png": "c7ebae9d0917301a8bb86dd202b26d029ee492e3",
    "/assets/rectangle/25.png": "829dfae56bd1fdf22ceb3a350e0a6459fa3b106f",
    "/assets/risos.jpg": "1ac253e92fa1f225fc502661f2aa68494130b31e",
    "/assets/scss/modules/_fonts.scss": "936a85b7464714839560963c3abb02f3dcde3921",
    "/assets/sevil.jpg": "424adbeae7eb7bed265ed11b6b732f95b2099ab2",
    "/assets/shapes.svg": "5413e95adabcb2cb639970051f55e0ddb64ace53",
    "/assets/smileDesign.jpg": "9b3df15dff14f0360e9b0dad4554b38f8e6f9fec",
    "/assets/splash.png": "8791a56bacfb9885708de08cab2ba88b1bd2c9be",
    "/assets/square.png": "87a679127672a44822e36d12e8a9e323ad6ff428",
    "/assets/square/0.png": "c0cfc3e2c093edc068eb0d941dce9d50577ea9b5",
    "/assets/square/11.png": "d673d449570bbfea66aee9276d7ea3c5fa236a04",
    "/assets/square/12.png": "d86a149adb1bacf3127ef7b4519db2924d833108",
    "/assets/square/13.png": "741983bade30e2796b8e31c240a2e4f8275d667a",
    "/assets/square/14.png": "d2a520cb2a099e06f66543a582112539aab5ff38",
    "/assets/square/15.png": "a43c822c8c61d99e6ffa8976e2031ca22df8daee",
    "/assets/square/21.png": "e8a65597945d37854c51bcc54d1d91340382419a",
    "/assets/square/22.png": "cda60b85fb448ef26106c72733cc731283a1ce99",
    "/assets/square/23.png": "da55ac92ddfa7f7369a79ceb1c396bfab7c4a577",
    "/assets/square/24.png": "a3c3ad501054119c7cd8b57d6d750a3715e07d86",
    "/assets/square/25.png": "421ce55f4b89d978921b2c48a08c5fd9ccfd4772",
    "/assets/ss.png": "b25711ffc1e111e6397f3522f19db762f093e857",
    "/assets/teeth copy.png": "a8323601ad0a2f6574b59de718514d0e077d2dd5",
    "/assets/teeth.png": "a8323601ad0a2f6574b59de718514d0e077d2dd5",
    "/assets/translate/file.json": "3fbf46558c14cca65ce3ada096162ba132d1ec0c",
    "/assets/tri.png": "a8323601ad0a2f6574b59de718514d0e077d2dd5",
    "/common.6d45c4a1a19748253c8b.js": "e53622d4cb849c53639057a6008c2d76a9ac0615",
    "/index.html": "d5837482595f4e9e0b132679cb0f279d6b4f4b44",
    "/lab2.1f5d7ef17dfa2ed42b11.jpg": "5c58bc0abd22af9d6147a995d68ae51964961295",
    "/main.adcdade503d332f7e4eb.js": "78d37b88cda6207fb4284e9360667900bd095aa9",
    "/manifest.webmanifest": "1340d10008d841dc8220782d69366d142fc32985",
    "/polyfills-core-js.e6f2f20bdc054377bbf8.js": "05e0d21f3ead2859fc1a56b244b3fae8959897b9",
    "/polyfills-css-shim.b8a7f4d39b429725a8bb.js": "648b46c37c1f0b84296fca28b2f1dc5e40f67bf3",
    "/polyfills-dom.79ad36a589adfcecb77b.js": "08d6a5fad44dc1316d292108cd48157b6c6a56cf",
    "/polyfills.8df1a1eb3442c85f7151.js": "326ff7979ced4d92bd561d6a3c41a704f60f3465",
    "/runtime.49060526e7db289a2e0c.js": "0c9d296921e3675d9ef24e129522fa8ca68332a3",
    "/stencil-polyfills-css-shim.e2cce5e624ca17132b36.js": "c6f5f7e7c534cc10e9153e6f7c92c26c690dcf4f",
    "/stencil-polyfills-dom.94999865e6e0d3b962ba.js": "b96d56c01a432a75c537c07441165cbddb389fc7",
    "/styles.01fe1907a2820afddea3.css": "e3e078d3a6c41f760a7778fccfc298388d8afea1"
  },
  "navigationUrls": [
    {
      "positive": true,
      "regex": "^\\/.*$"
    },
    {
      "positive": false,
      "regex": "^\\/(?:.+\\/)?[^/]*\\.[^/]*$"
    },
    {
      "positive": false,
      "regex": "^\\/(?:.+\\/)?[^/]*__[^/]*$"
    },
    {
      "positive": false,
      "regex": "^\\/(?:.+\\/)?[^/]*__[^/]*\\/.*$"
    }
  ],
  "navigationRequestStrategy": "performance"
}