{
	"Account": "",
	"Address": "",
	"Age": "",
	"Already have an account?": "",
	"Arman Laboratory": "",
	"Before and After": "",
	"Change profile photo": "",
	"Choosing Lab": "",
	"Contact laboratory": "",
	"Contact to laboratory": "",
	"Continue": "",
	"Delivery date": "",
	"Description": "",
	"Detail": "",
	"Edit": "",
	"Email": "",
	"First name": "",
	"Forgot Password": "",
	"Forgot password?": "",
	"Frontal facial rested": "",
	"Frontal facial retracted": "",
	"Frontal facial smile": "",
	"Full Image": "",
	"Gallery": "",
	"Go": "",
	"Good morning": "",
	"Home": "",
	"Lab Orders": "",
	"Laboratory": "",
	"Laboratory Orders": "",
	"Laboratory name": "",
	"Landline number": "",
	"Last name": "",
	"Log in": "",
	"Log out": "",
	"Menu": "",
	"Mobile number": "",
	"My Patients": "",
	"New Laboratory": "",
	"New Patient": "",
	"Notifications": "",
	"Optional Image": "",
	"Order": "",
	"Order detail": "",
	"Order type": "",
	"Orders": "",
	"Patient document": "",
	"Patient name": "",
	"Please enter your new password": "",
	"Please enter your phone number to receive verification code": "",
	"Processing": "",
	"Profile facial rested": "",
	"Proforma invoice": "",
	"Ready to be sent": "",
	"Reload": "",
	"Request Proforma invoice": "",
	"Reset password": "",
	"Save": "",
	"Sent": "",
	"Sevil Pishahang": "",
	"Show Result": "",
	"Side Image": "",
	"Sign up": "",
	"Smile Design": "",
	"Smile Design 1": "",
	"Smile Design 2": "",
	"Smile Image": "",
	"Submit": "",
	"Try Again": "",
	"Verify phone": "",
	"has changed order state": "",
	"home": {
		"login": "",
		"register": ""
	},
	"invoice": "",
	"lab_gallery": "",
	"needs to be submiited": "",
	"save": "",
	"set a photo": "",
	"فارسی": ""
}